序號,抽籤日期,證券名稱,證券代號,發行市場,申購開始日,申購結束日,承銷股數,實際承銷股數,承銷價(元),實際承銷價(元),撥券日期(上市、上櫃日期),主辦券商,申購股數,總承銷金額(元),總合格件,中籤率(%),取消公開抽籤 
1,115/09/16,光環,3234,上櫃增資,115/09/10,115/09/14,"1,275,000","1,275,000",110,110,115/09/24,第一金,"1,000","140,250,000",0,0,
2,115/09/16,漢測,7856,初上櫃,115/09/10,115/09/14,"1,048,000","1,048,000","2,250",未訂出,115/09/22,永豐金,"1,000",未訂出,0,0,
3,115/09/14,天瀚,6225,上市增資,115/09/08,115/09/10,"2,737,000","2,737,000",17.65,17.65,115/09/22,第一金,"1,000","48,308,050",0,0,
4,115/09/14,巨虹,8084,上櫃增資,115/09/08,115/09/10,"9,050,000","9,050,000",45.6,45.6,115/09/22,兆豐,"1,000","412,680,000",0,0,
5,115/09/14,嘉晶,3016,上市增資,115/09/08,115/09/10,"247,000","247,000",82,82,115/09/22,凱基,"1,000","20,254,000",0,0,
6,115/09/14,jpp-KY,5284,第一上市公司現金增資,115/09/08,115/09/10,"192,000","192,000",250,250,115/09/22,凱基,"1,000","48,000,000",0,0,
7,115/09/11,信紘科,6667,上櫃增資,115/09/07,115/09/09,"357,000","357,000",165,165,115/09/21,富邦,"1,000","58,905,000",0,0,
8,115/09/10,新潤,6186,上櫃增資,115/09/04,115/09/08,"2,720,000","2,720,000",28.5,28.5,115/09/18,合庫,"1,000","77,520,000",0,0,
9,115/09/10,能率亞洲,7777,上櫃增資,115/09/04,115/09/08,"1,360,000","1,360,000",28.8,28.8,115/09/18,第一金,"1,000","39,168,000",0,0,
10,115/09/10,床的世界,2938,初上櫃,115/09/04,115/09/08,"759,000","759,000",18,18,115/09/16,統一,"1,000","13,662,000",0,0,
11,115/09/09,雙鍵,4764,上市增資,115/09/03,115/09/07,"510,000","510,000",169,169,115/09/17,凱基,"1,000","86,190,000",0,0,
12,115/09/08,樂事綠能,1529,上市增資,115/09/02,115/09/04,"3,400,000","3,400,000",14,14,115/09/16,統一,"2,000","47,600,000","54,043",3.14,
13,115/09/08,嘉基,6715,上市增資,115/09/02,115/09/04,"510,000","510,000",310,310,115/09/16,中國信託,"1,000","158,100,000","22,534",2.26,
14,115/09/08,世紀鋼,9958,上市增資,115/09/02,115/09/04,"1,700,000","1,700,000",83,83,115/09/16,永豐金,"1,000","141,100,000","37,613",4.51,
15,115/09/07,坤悅,5206,上櫃增資,115/09/01,115/09/03,"1,840,000","1,840,000",20,20,115/09/15,國泰,"1,000","36,800,000","45,964",4,
16,115/09/04,和亞智慧,7825,初上櫃,115/08/31,115/09/02,"750,000","750,000",48.88,48.88,115/09/10,群益金鼎,"1,000","36,660,000","248,489",0.3,
17,115/09/02,汎瑋材料,6967,上櫃增資,115/08/27,115/08/31,"468,000","468,000",55,55,115/09/10,台新,"1,000","25,740,000","127,329",0.36,
18,115/08/28,旭源,8421,上櫃增資,115/08/24,115/08/26,"765,000","765,000",11,11,115/09/07,台中銀,"1,000","8,415,000","39,281",1.94,
19,115/08/28,元大期,6023,上櫃增資,115/08/24,115/08/26,"6,800,000","6,800,000",73.5,73.5,115/09/07,中國信託,"1,000","499,800,000","102,067",6.66,
20,115/08/20,安國,8054,上櫃增資,115/08/14,115/08/18,"213,000","213,000",77,77,115/08/28,福邦,"1,000","16,401,000","19,316",1.1,
21,115/08/13,智崴,5263,上櫃增資,115/08/07,115/08/11,"425,000","425,000",85.8,85.8,115/08/21,兆豐,"1,000","36,465,000","22,691",1.87,
22,115/08/13,生華科,6492,上櫃增資,115/08/07,115/08/11,"2,125,000","2,125,000",34,34,115/08/21,國泰,"1,000","72,250,000","25,180",8.43,
23,115/08/10,生合,1295,上櫃增資,115/08/04,115/08/06,"266,000","266,000",45,45,115/08/18,台新,"1,000","11,970,000","4,323",6.15,
24,115/08/10,醫揚,6569,上櫃增資,115/08/04,115/08/06,"319,000","319,000",88,88,115/08/18,台新,"1,000","28,072,000","30,972",1.02,
25,115/08/05,和運租車,7855,初上市,115/07/30,115/08/03,"14,412,000","14,412,000",42,42,115/08/11,台新,"1,000","605,304,000","370,609",3.88,
26,115/08/04,華德動能,2237,創新板初上市,115/07/29,115/07/31,"1,789,000","1,789,000",28.6,26.66,115/08/10,群益金鼎,"1,000","47,694,740","34,427",5.19,
27,115/08/04,正達,3149,上市增資,115/07/29,115/07/31,"5,100,000","5,100,000",61,61,115/08/12,台新,"1,000","311,100,000","23,665",21.55,
28,115/07/29,新應材,4749,上櫃增資,115/07/23,115/07/27,"170,000","170,000",745,745,115/08/06,兆豐,"1,000","126,650,000","19,687",0.86,
29,115/07/28,進泰電子,3465,上櫃增資,115/07/22,115/07/24,"630,000","630,000",30,30,115/08/05,富邦,"1,000","18,900,000","3,458",18.21,
30,115/07/24,至上,8112,上市增資,115/07/20,115/07/22,"3,480,000","3,480,000",66,66,115/08/03,凱基,"1,000","229,680,000","179,614",1.93,
31,115/07/24,榮科,4989,上市增資,115/07/20,115/07/22,"3,010,000","3,010,000",60,60,115/08/03,元大,"1,000","180,600,000","74,989",4.01,
32,115/07/22,大鵬科,7689,初上市,115/07/16,115/07/20,"1,588,000","1,588,000",188,180.53,115/07/28,富邦,"1,000","286,681,640","76,999",2.06,
33,115/07/17,華通,2313,上市增資,115/07/13,115/07/15,"3,570,000","3,570,000",205,205,115/07/27,凱基,"1,000","731,850,000","116,215",3.07,
34,115/07/17,台鎔科技,6947,初上市,115/07/10,115/07/15,"2,222,000","2,222,000",66,66,115/07/23,永豐金,"1,000","146,652,000","124,839",1.77,
35,115/07/17,長興,1717,上市增資,115/07/13,115/07/15,"1,020,000","1,020,000",50,50,115/07/27,台新,"1,000","51,000,000","219,486",0.46,
36,115/07/16,典範,3372,上櫃增資,115/07/10,115/07/14,"5,100,000","5,100,000",16.8,16.8,115/07/24,元大,"1,000","85,680,000","32,998",15.45,
37,115/07/15,威潤,6465,上櫃增資,115/07/08,115/07/13,"1,020,000","1,020,000",46.7,46.7,115/07/23,統一,"1,000","47,634,000","120,979",0.84,
38,115/07/15,立凱-KY,5227,上櫃增資,115/07/08,115/07/13,"2,380,000","2,380,000",26.5,26.5,115/07/23,華南永昌,"1,000","63,070,000","66,124",3.59,
39,115/07/13,鑫聯大投控,3709,上櫃增資,115/07/06,115/07/08,"1,700,000","1,700,000",71,71,115/07/21,元大,"1,000","120,700,000","19,962",8.51,
40,115/07/09,和勤,1586,上櫃增資,115/07/03,115/07/07,"2,250,000","2,250,000",17.2,17.2,115/07/20,群益金鼎,"1,000","38,700,000","37,234",6.04,
41,115/07/09,海昌生技,7814,初上櫃,115/07/03,115/07/07,"983,000","983,000",32,28.47,115/07/16,永豐金,"1,000","27,986,010","70,228",1.39,
42,115/07/08,邑昇,5291,上櫃增資,115/07/02,115/07/06,"180,000","180,000",53,53,115/07/16,統一,"1,000","9,540,000","38,606",0.46,
43,115/07/07,信實,6721,上櫃增資,115/07/01,115/07/03,"170,000","170,000",50,50,115/07/15,第一金,"1,000","8,500,000","29,637",0.57,
44,115/07/07,永捷,4714,上櫃增資,115/07/01,115/07/03,"3,719,000","3,719,000",11,11,115/07/16,台新,"1,000","40,909,000","29,710",12.51,
45,115/07/06,曜越,3540,上櫃增資,115/06/30,115/07/02,"1,020,000","1,020,000",21,21,115/07/14,福邦,"1,000","21,420,000","60,376",1.68,
46,115/07/06,國喬,1312,上市增資,115/06/30,115/07/02,"34,000,000","34,000,000",14,14,115/07/14,台新,"4,000","476,000,000","6,997",100,
47,115/06/22,海昌生技,7814,初上櫃,115/06/15,115/06/17,"983,000","983,000",32,---,115/06/26,永豐金,"1,000",---,0,0,取消申購
48,115/06/22,和迅,6986,初上櫃,115/06/15,115/06/17,"1,142,000","1,142,000",47.5,43.91,115/06/26,台新,"1,000","50,145,220","127,205",0.89,
49,115/06/17,鉅橡,8074,上櫃增資,115/06/11,115/06/15,"510,000","510,000",50,50,115/06/26,福邦,"1,000","25,500,000","190,199",0.26,
50,115/06/11,立弘,1780,初上櫃,115/06/05,115/06/09,"2,381,000","2,381,000",18.88,18.88,115/06/17,台新,"1,000","44,953,280","229,317",1.03,
51,115/06/10,聯嘉投控,3717,上市增資,115/06/04,115/06/08,"3,060,000","3,060,000",20,20,115/06/18,國泰,"1,000","61,200,000","44,048",6.94,
52,115/06/09,達人網,7839,初上櫃,115/06/03,115/06/05,"420,000","420,000",36,36,115/06/15,福邦,"1,000","15,120,000","223,438",0.18,
53,115/06/02,雷虎,8033,上市增資,115/05/27,115/05/29,"1,020,000","1,020,000",108,108,115/06/10,福邦,"1,000","110,160,000","231,130",0.44,
54,115/06/02,合晶,6182,上櫃增資,115/05/27,115/05/29,"1,700,000","1,700,000",27.8,27.8,115/06/10,富邦,"1,000","47,260,000","949,834",0.17,
55,115/06/01,圓祥生技,6945,初上櫃,115/05/26,115/05/28,"2,441,000","2,441,000",122,105.4,115/06/05,元大,"1,000","257,281,400","85,578",2.85,
56,115/05/27,先進光,3362,上櫃增資,115/05/21,115/05/25,"425,000","425,000",92,92,115/06/04,中國信託,"1,000","39,100,000","177,449",0.23,
57,115/05/21,精誠金融,7819,初上櫃,115/05/15,115/05/19,"694,000","694,000",50.5,50.5,115/05/27,元大,"1,000","35,047,000","122,422",0.56,
58,115/05/19,華洋精機,6983,初上櫃,115/05/13,115/05/15,"360,000","360,000",85,85,115/05/25,福邦,"1,000","30,600,000","698,036",0.05,
59,115/05/15,台汽電,8926,上市增資,115/05/11,115/05/13,"8,500,000","8,500,000",32.73,32.73,115/05/25,臺銀證券,"1,000","278,205,000","429,078",1.98,
60,115/05/14,宏致,3605,上市增資,115/05/08,115/05/12,"935,000","935,000",58,58,115/05/22,凱基,"1,000","54,230,000","289,369",0.32,
61,115/05/12,溢泰實業,7818,初上市,115/05/06,115/05/08,"3,160,000","3,160,000",70,70,115/05/18,凱基,"1,000","221,200,000","305,115",1.03,
62,115/05/05,基米,4195,創新板初上市,115/04/28,115/04/30,"1,489,000","1,489,000",22.2,22.06,115/05/11,台中銀,"1,000","32,847,340","89,705",1.65,
63,115/05/05,天能綠電,7842,初上櫃,115/04/28,115/04/30,"772,000","772,000",108,108,115/05/11,永豐金,"1,000","83,376,000","202,847",0.38,
64,115/05/04,耀穎,7772,初上櫃,115/04/27,115/04/29,"481,000","481,000",53,53,115/05/08,台新,"1,000","25,493,000","612,678",0.07,
65,115/04/30,頌勝科技,7768,初上市,115/04/24,115/04/28,"1,754,000","1,754,000",258,258,115/05/07,元大,"1,000","452,532,000","301,389",0.58,
66,115/04/29,敘豐,3485,初上櫃,115/04/23,115/04/27,"860,000","860,000",128,128,115/05/06,富邦,"1,000","110,080,000","401,813",0.21,
67,115/04/24,永笙-KY,4178,第一上市公司初上市,115/04/20,115/04/22,"4,100,000","4,100,000",21.08,19.15,115/04/30,台新,"1,000","78,515,000","114,321",3.58,
68,115/04/22,享溫馨,7760,初上市,115/04/16,115/04/20,"1,078,000","1,078,000",30,30,115/04/28,台新,"1,000","32,340,000","113,052",0.95,
69,115/04/21,立盈,7820,初上櫃,115/04/15,115/04/17,"781,000","781,000",120,120,115/04/27,元大,"1,000","93,720,000","246,695",0.31,
70,115/04/16,創新服務,7828,初上櫃,115/04/10,115/04/14,"697,000","697,000",628,628,115/04/22,凱基,"1,000","437,716,000","234,080",0.29,
71,115/04/14,神數,7821,初上市,115/04/08,115/04/10,"2,625,000","2,625,000",38.5,38.5,115/04/20,元大,"1,000","101,062,500","314,633",0.83,
72,115/04/14,宏碁智新,7794,初上櫃,115/04/08,115/04/10,"610,000","610,000",31,31,115/04/20,台新,"1,000","18,910,000","220,147",0.27,
73,115/04/10,亞元,6109,上櫃增資,115/04/02,115/04/08,"1,700,000","1,700,000",10.3,10.3,115/04/20,台新,"1,000","17,510,000","42,218",4.02,
74,115/04/07,閎康,3587,上櫃增資,115/03/30,115/04/01,"160,000","160,000",160,160,115/04/15,元大,"1,000","25,600,000","184,108",0.08,
75,115/03/31,泰宗,4169,初上市,115/03/25,115/03/27,"1,378,000","1,378,000",102,102,115/04/08,元大,"1,000","140,556,000","268,943",0.51,
76,115/03/27,建舜電,3322,上櫃增資,115/03/23,115/03/25,"1,360,000","1,360,000",11.13,11.13,115/04/08,德信,"1,000","15,136,800","37,787",3.59,
77,115/03/24,公勝保經,6028,初上櫃,115/03/18,115/03/20,"540,000","540,000",72,72,115/03/30,台新,"1,000","38,880,000","189,374",0.28,
78,115/03/24,倍利科,7822,初上市,115/03/18,115/03/20,"701,000","701,000",780,780,115/03/30,凱基,"1,000","546,780,000","245,171",0.28,
79,115/03/20,日成-KY,4807,第一上市公司現金增資,115/03/16,115/03/18,"901,000","901,000",14.2,14.2,115/03/30,元富,"1,000","12,794,200","29,637",3.04,
80,115/03/20,世紀風電,2072,初上市,115/03/16,115/03/18,"4,060,000","4,060,000",186,186,115/03/26,永豐金,"1,000","755,160,000","210,437",1.92,
81,115/03/19,宏碁遊戲,6908,創新板初上市,115/03/13,115/03/17,"437,000","437,000",38.66,38.66,115/03/25,富邦,"1,000","16,894,420","162,604",0.26,
82,115/03/19,民盛,7811,初上櫃,115/03/13,115/03/17,"905,000","905,000",95,93.33,115/03/25,富邦,"1,000","84,463,650","80,158",1.12,
83,115/03/17,長虹,5534,上市增資,115/03/11,115/03/13,"2,125,000","2,125,000",60,60,115/03/25,群益金鼎,"1,000","127,500,000","181,698",1.16,
84,115/03/13,博晟生醫,6733,上櫃增資,115/03/09,115/03/11,"850,000","850,000",36,36,115/03/23,元富,"1,000","30,600,000","2,546",33.38,
85,115/03/13,佳能,2374,上市增資,115/03/09,115/03/11,"1,020,000","1,020,000",66,66,115/03/23,凱基,"1,000","67,320,000","39,989",2.55,
86,115/03/12,建準,2421,上市增資,115/03/06,115/03/10,"1,148,000","1,148,000",125,125,115/03/20,台新,"1,000","143,500,000","40,068",2.86,
87,115/03/12,精確,3162,上櫃增資,115/03/06,115/03/10,"1,785,000","1,785,000",50,50,115/03/20,台新,"1,000","89,250,000","38,190",4.67,
88,115/03/11,光罩,2338,上市增資,115/03/05,115/03/09,"4,250,000","4,250,000",32,32,115/03/19,國泰,"1,000","136,000,000","310,250",1.36,
89,115/03/11,景碩,3189,上市增資,115/03/05,115/03/09,"5,950,000","5,950,000",145,145,115/03/19,富邦,"1,000","862,750,000","476,007",1.24,
90,115/03/10,亞通利大,6179,上櫃增資,115/03/04,115/03/06,"4,250,000","4,250,000",22.5,22.5,115/03/18,富邦,"1,000","95,625,000","40,673",10.44,
91,115/03/06,精湛,2070,上櫃增資,115/03/02,115/03/04,"510,000","510,000",35,35,115/03/16,福邦,"1,000","17,850,000","56,035",0.91,
92,115/03/03,宣德,5457,上櫃增資,115/02/24,115/02/26,"1,980,000","1,980,000",33,33,115/03/11,凱基,"1,000","65,340,000","52,175",3.79,
93,115/03/02,成信實業*-創,6969,創新板上市現增,115/02/23,115/02/25,"486,000","486,000",28,28,115/03/10,台中銀,"1,000","13,608,000","15,523",3.13,
94,115/02/25,來思達,8066,上櫃增資,115/02/10,115/02/23,"595,000","595,000",20,20,115/03/06,康和,"1,000","11,900,000","2,958",20.11,
95,115/02/03,上詮,3363,上櫃增資,115/01/28,115/01/30,"850,000","850,000",316,316,115/02/11,台新,"1,000","268,600,000","202,752",0.41,
96,115/02/02,尖點,8021,上市增資,115/01/27,115/01/29,"255,000","255,000",127,127,115/02/10,福邦,"1,000","32,385,000","482,409",0.05,
97,115/02/02,明係,6804,上櫃增資,115/01/27,115/01/29,"1,063,000","1,063,000",16.8,16.8,115/02/10,兆豐,"1,000","17,858,400","17,252",6.16,
98,115/02/02,華廣,4737,上市增資,115/01/27,115/01/29,"850,000","850,000",50,50,115/02/10,台新,"1,000","42,500,000","50,092",1.69,
99,115/01/29,健亞,4130,上櫃增資,115/01/23,115/01/27,"2,070,000","2,070,000",28,28,115/02/06,元大,"1,000","57,960,000","81,181",2.54,
100,115/01/28,久舜,5547,初上櫃,115/01/22,115/01/26,"1,584,000","1,584,000",20.4,20.4,115/02/03,康和,"1,000","32,313,600","162,168",0.97,
101,115/01/27,御嵿,3522,上櫃增資,115/01/21,115/01/23,"1,700,000","1,700,000",15.5,15.5,115/02/04,兆豐,"1,000","26,350,000","20,930",8.12,
102,115/01/27,心誠鎂,6934,初上市,115/01/21,115/01/23,"753,000","753,000",48,48,115/02/02,元大,"1,000","36,144,000","509,537",0.14,
103,115/01/26,佳醫,4104,上市增資,115/01/20,115/01/22,"1,428,000","1,428,000",60,60,115/02/03,合庫,"1,000","85,680,000","234,654",0.6,
104,115/01/23,雅特力-KY,6907,第一上櫃公司初上櫃,115/01/19,115/01/21,"1,980,000","1,980,000",30,30,115/01/29,宏遠,"1,000","59,400,000","76,422",2.59,
105,115/01/22,新美齊,2442,上市增資,115/01/16,115/01/20,"4,500,000","4,500,000",20.5,20.5,115/01/30,富邦,"1,000","92,250,000","89,957",5,
106,115/01/22,安葆,7792,初上櫃,115/01/16,115/01/20,"1,078,000","1,078,000",133.8,133.8,115/01/28,元大,"1,000","144,236,400","431,817",0.24,
107,115/01/21,老爺知,5704,上櫃增資,115/01/15,115/01/19,"1,700,000","1,700,000",22,22,115/01/29,台新,"1,000","37,400,000","98,085",1.73,
108,115/01/21,晉弘,6796,上市增資,115/01/15,115/01/19,"170,000","170,000",67.2,67.2,115/01/29,富邦,"1,000","11,424,000","176,208",0.09,
109,115/01/16,旅天下,6961,初上櫃,115/01/12,115/01/14,"644,000","644,000",55,55,115/01/22,福邦,"1,000","35,420,000","132,774",0.48,
110,115/01/16,億而得,6423,創新板轉列上櫃,115/01/12,115/01/14,"181,000","181,000",60,60,115/01/22,兆豐,"1,000","10,860,000","122,543",0.14,
111,115/01/16,大東電,1623,初上市,115/01/12,115/01/14,"1,230,000","1,230,000",188,188,115/01/22,國泰,"1,000","231,240,000","246,736",0.49,
112,115/01/15,環宇-KY,4991,第一上櫃公司現金增資,115/01/09,115/01/13,"510,000","510,000",131,131,115/01/23,元大,"1,000","66,810,000","319,060",0.15,
113,115/01/14,康普,4739,上市增資,115/01/08,115/01/12,"510,000","510,000",58,58,115/01/22,福邦,"1,000","29,580,000","125,660",0.4,
114,115/01/13,旭品,3325,上櫃增資,115/01/07,115/01/09,"1,700,000","1,700,000",13,13,115/01/21,台新,"1,000","22,100,000","93,735",1.81,
115,115/01/12,輝創,6722,初上市,115/01/06,115/01/08,"2,068,000","2,068,000",40,40,115/01/16,富邦,"1,000","82,720,000","233,838",0.88,
116,115/01/12,長廣,7795,初上市,115/01/06,115/01/08,"2,520,000","2,520,000",125,125,115/01/16,元大,"1,000","315,000,000","446,753",0.56,
117,115/01/08,欣興,3037,上市增資,115/01/02,115/01/06,"3,910,000","3,910,000",116,116,115/01/16,中國信託,"1,000","453,560,000","726,287",0.53,
118,115/01/08,州巧,3543,上市增資,115/01/02,115/01/06,"1,786,000","1,786,000",35,35,115/01/16,福邦,"1,000","62,510,000","152,752",1.16,
119,115/01/05,沛爾生醫-創,6949,創新板上市現增,114/12/29,114/12/31,"510,000","510,000",310,310,115/01/13,台新,"1,000","158,100,000","30,266",1.68,
120,114/12/29,日盛台駿甲特,6958A,上市增資,114/12/22,114/12/24,"3,800,000","3,800,000",25,25,115/01/07,永豐金,"2,000","95,000,000","12,891",14.73,
121,114/12/23,矽科宏晟,6725,初上櫃,114/12/17,114/12/19,"843,000","843,000",188,188,114/12/30,台新,"1,000","158,484,000","178,238",0.47,
122,114/12/22,富喬,1815,上櫃增資,114/12/16,114/12/18,"5,100,000","5,100,000",66,66,114/12/31,臺銀證券,"1,000","336,600,000","242,308",2.1,
123,114/12/22,同泰,3321,上市增資,114/12/16,114/12/18,"2,805,000","2,805,000",12.5,12.5,114/12/31,康和,"1,000","35,062,500","180,619",1.55,
124,114/12/22,豐達科,3004,上市增資,114/12/16,114/12/18,"680,000","680,000",80,80,114/12/31,凱基,"1,000","54,400,000","138,285",0.49,
125,114/12/22,定穎投控,3715,上市增資,114/12/16,114/12/18,"531,000","531,000",105,105,114/12/31,凱基,"1,000","55,755,000","55,776",0.95,
126,114/12/17,漢達,6620,初上櫃,114/12/11,114/12/15,"2,350,000","2,350,000",86.8,84.33,114/12/23,第一金,"1,000","198,175,500","87,838",2.67,
127,114/12/17,捷創科技,7810,初上櫃,114/12/11,114/12/15,"405,000","405,000",85,85,114/12/23,永豐金,"1,000","34,425,000","274,077",0.14,
128,114/12/16,驊陞,6272,初上市,114/12/10,114/12/12,"2,048,000","2,048,000",40,40,114/12/22,宏遠,"1,000","81,920,000","152,356",1.34,
129,114/12/16,能率亞洲,7777,初上櫃,114/12/10,114/12/12,"2,700,000","2,700,000",18,18,114/12/22,第一金,"1,000","48,600,000","245,849",1.09,
130,114/12/16,傑霖科技,8102,初上櫃,114/12/10,114/12/12,"459,000","459,000",53.1,53.1,114/12/22,兆豐,"1,000","24,372,900","153,611",0.29,
131,114/12/16,威聯通,7805,初上櫃,114/12/10,114/12/12,"607,000","607,000",558,558,114/12/22,元大,"1,000","338,706,000","140,308",0.43,
132,114/12/12,益安,6499,上櫃增資,114/12/08,114/12/10,"400,000","400,000",90,90,114/12/22,元富,"1,000","36,000,000","13,374",2.99,
133,114/12/11,雅茗-KY,2726,第一上櫃公司現金增資,114/12/05,114/12/09,"900,000","900,000",13.2,13.2,114/12/19,統一,"1,000","11,880,000","17,489",5.14,
134,114/12/11,海柏特,6884,初上櫃,114/12/05,114/12/09,"470,000","470,000",33,33,114/12/17,福邦,"1,000","15,510,000","231,313",0.2,
135,114/12/09,智崴,5263,上櫃增資,114/12/03,114/12/05,"281,000","281,000",85,85,114/12/17,群益金鼎,"1,000","23,885,000","47,300",0.59,
136,114/12/09,台中銀,2812,上市增資,114/12/03,114/12/05,"8,500,000","8,500,000",18.9,18.9,114/12/17,凱基,"5,000","160,650,000","194,272",0.87,
137,114/12/05,德鴻,6910,初上櫃,114/12/01,114/12/03,"660,000","660,000",31,31,114/12/11,中國信託,"1,000","20,460,000","170,034",0.38,
138,114/12/04,常廣,6730,初上櫃,114/11/28,114/12/02,"828,000","828,000",32,32,114/12/10,第一金,"1,000","26,496,000","149,550",0.55,
139,114/12/04,聯穎,3550,上市增資,114/11/28,114/12/02,"1,800,000","1,800,000",12,12,114/12/12,統一,"1,000","21,600,000","25,135",7.16,
140,114/12/04,仁大資訊,7767,初上櫃,114/11/28,114/12/02,"683,000","683,000",41,41,114/12/10,中國信託,"1,000","28,003,000","175,941",0.38,
141,114/12/04,君曜,7770,初上櫃,114/11/28,114/12/02,"491,000","491,000",62,58.4,114/12/10,永豐金,"1,000","28,674,400","101,716",0.48,
142,114/11/27,展碁國際,6776,上市增資,114/11/21,114/11/25,"850,000","850,000",47,47,114/12/05,永豐金,"1,000","39,950,000","25,436",3.34,
143,114/11/21,崴寶,7744,初上櫃,114/11/17,114/11/19,"981,000","981,000",280,280,114/11/27,元富,"1,000","274,680,000","77,870",1.25,
144,114/11/21,鴻勁,7769,初上市,114/11/17,114/11/19,"3,299,000","3,299,000","1,495","1,495",114/11/27,元大,"1,000","4,932,005,000","179,233",1.84,
145,114/11/19,邁科,6831,初上市,114/11/13,114/11/17,"1,560,000","1,560,000",120,120,114/11/25,宏遠,"1,000","187,200,000","225,730",0.69,
146,114/11/19,華豫寧,6474,初上櫃,114/11/13,114/11/17,"1,152,000","1,152,000",31.8,31.8,114/11/25,台新,"1,000","36,633,600","117,216",0.98,
147,114/11/19,資拓宏宇,6614,初上市,114/11/13,114/11/17,"1,707,000","1,707,000",46,46,114/11/25,台新,"1,000","78,522,000","232,389",0.73,
148,114/11/13,永擎,7711,初上市,114/11/07,114/11/11,"1,591,000","1,591,000",268,268,114/11/19,元大,"1,000","426,388,000","234,658",0.67,
149,114/11/12,東方風能,7786,初上市,114/11/06,114/11/10,"3,484,000","3,484,000",168,168,114/11/18,永豐金,"1,000","585,312,000","125,333",2.77,
150,114/11/11,萊德光電-KY,7717,第一上櫃公司初上櫃,114/11/05,114/11/07,"521,000","521,000",77,77,114/11/17,中國信託,"1,000","40,117,000","53,777",0.96,
151,114/11/11,嘉實,3158,初上櫃,114/11/05,114/11/07,"660,000","660,000",80,80,114/11/17,群益金鼎,"1,000","52,800,000","186,940",0.35,
152,114/11/10,永冠-KY,1589,第一上市公司現金增資,114/11/04,114/11/06,"1,700,000","1,700,000",18,18,114/11/18,永豐金,"1,000","30,600,000","11,291",15.05,
153,114/11/07,麗臺,2465,上市增資,114/11/03,114/11/05,"850,000","850,000",45,45,114/11/17,元富,"1,000","38,250,000","221,616",0.38,
154,114/11/06,醣聯,4168,上櫃增資,114/10/31,114/11/04,"213,000","213,000",21.5,21.5,114/11/14,統一,"1,000","4,579,500","13,243",1.6,
155,114/11/04,百達-KY,2236,第一上市公司現金增資,114/10/29,114/10/31,"510,000","510,000",88,88,114/11/12,台新,"1,000","44,880,000","13,250",3.84,
156,114/10/31,晶心科,6533,上市增資,114/10/27,114/10/29,"450,000","450,000",263,263,114/11/10,凱基,"1,000","118,350,000","20,679",2.17,
157,114/10/29,鮮活果汁-KY,1256,第一上市公司現金增資,114/10/22,114/10/27,"165,000","165,000",145,145,114/11/06,兆豐,"1,000","23,925,000","28,080",0.58,
158,114/10/27,凱衛,5201,上櫃增資,114/10/20,114/10/22,"680,000","680,000",32,32,114/11/04,兆豐,"1,000","21,760,000","186,627",0.36,
159,114/10/23,宜特,3289,上櫃增資,114/10/17,114/10/21,"1,020,000","1,020,000",100,100,114/11/03,元富,"1,000","102,000,000","151,769",0.67,
160,114/10/23,弘憶股,3312,上市增資,114/10/17,114/10/21,"1,700,000","1,700,000",39.8,39.8,114/11/03,凱基,"1,000","67,660,000","25,396",6.69,
161,114/10/21,光速火箭,7782,初上櫃,114/10/15,114/10/17,"525,000","525,000",32.5,32.5,114/10/28,元富,"1,000","17,062,500","94,638",0.55,
162,114/10/21,昱臺國際,7716,初上櫃,114/10/15,114/10/17,"500,000","500,000",21,21,114/10/28,中國信託,"1,000","10,500,000","143,161",0.34,
163,114/10/21,皇家可口,7791,初上市,114/10/15,114/10/17,"2,240,000","2,240,000",72,72,114/10/28,凱基,"1,000","161,280,000","220,025",1.01,
164,114/10/16,世禾,3551,上櫃增資,114/10/09,114/10/14,"468,000","468,000",126,126,114/10/27,凱基,"1,000","58,968,000","235,203",0.19,
165,114/10/14,金色三麥,7757,初上櫃,114/10/07,114/10/09,"521,000","521,000",101,101,114/10/20,富邦,"1,000","52,621,000","271,555",0.19,
166,114/10/13,凱鈺,5468,上櫃增資,114/10/03,114/10/08,"2,079,000","2,079,000",13,13,114/10/21,台新,"1,000","27,027,000","69,107",3,
167,114/10/09,向榮生技,6794,創新板轉列上市,114/10/02,114/10/07,"491,000","491,000",50.8,50.8,114/10/16,宏遠,"1,000","24,942,800","239,320",0.2,
168,114/10/09,松川精密,7788,初上市,114/10/02,114/10/07,"1,366,000","1,366,000",95,95,114/10/16,元大,"1,000","129,770,000","312,189",0.43,
169,114/10/09,東聯互動,7738,初上櫃,114/10/02,114/10/07,"435,000","435,000",168,168,114/10/16,永豐金,"1,000","73,080,000","196,294",0.22,
170,114/10/03,錸寶,8104,上市增資,114/09/26,114/10/01,"1,063,000","1,063,000",32,32,114/10/15,福邦,"1,000","34,016,000","95,463",1.11,
171,114/09/25,廣越,4438,上市增資,114/09/19,114/09/23,"850,000","850,000",63,63,114/10/07,凱基,"1,000","53,550,000","125,520",0.67,
172,114/09/25,惠民實業,6971,初上櫃,114/09/19,114/09/23,"695,000","695,000",32.2,32.2,114/10/02,永豐金,"1,000","22,379,000","214,668",0.32,
173,114/09/24,遠東銀,2845,上市增資,114/09/18,114/09/22,"41,055,000","41,055,000",11.06,11.06,114/10/03,凱基,"5,000","454,068,300","208,992",3.92,
174,114/09/23,三商壽,2867,上市增資,114/09/17,114/09/19,"17,000,000","17,000,000",5.25,5.25,114/10/02,華南永昌,"5,000","89,250,000","70,404",4.82,
175,114/09/22,達明,4585,初上市,114/09/16,114/09/18,"3,104,000","3,104,000",238,238,114/09/26,元大,"1,000","738,752,000","789,800",0.39,
176,114/09/16,動力-KY,6591,第一上市公司現金增資,114/09/10,114/09/12,"196,000","196,000",62,62,114/09/24,康和,"1,000","12,152,000","189,312",0.1,
177,114/09/12,泰鼎-KY,4927,第一上市公司現金增資,114/09/08,114/09/10,"3,825,000","3,825,000",20,20,114/09/22,凱基,"1,000","76,500,000","178,055",2.14,
178,114/09/11,新代,7750,初上市,114/09/05,114/09/09,"1,287,000","1,287,000",630,630,114/09/17,台新,"1,000","810,810,000","170,592",0.75,
179,114/09/09,禾榮科,7799,初上市,114/09/03,114/09/05,"2,843,000","2,843,000",600,600,114/09/15,富邦,"1,000","1,705,800,000","165,684",1.71,
180,114/09/04,意德士,7556,上櫃增資,114/08/29,114/09/02,"68,000","68,000",142,142,114/09/12,元大,"1,000","9,656,000","119,182",0.05,
181,114/09/03,振大環球,4441,初上市,114/08/28,114/09/01,"1,468,000","1,468,000",190.46,190.46,114/09/09,福邦,"1,000","279,595,280","174,042",0.84,
182,114/09/03,大研生醫,7780,初上市,114/08/28,114/09/01,"6,615,000","6,615,000",158,158,114/09/09,凱基,"1,000","1,045,170,000","422,980",1.56,
183,114/09/02,中華資安,7765,初上市,114/08/27,114/08/29,"626,000","626,000",238,238,114/09/08,元大,"1,000","148,988,000","247,214",0.25,
184,114/08/29,精成科,6191,上市增資,114/08/25,114/08/27,"2,125,000","2,125,000",75,75,114/09/08,宏遠,"1,000","159,375,000","321,391",0.66,
185,114/08/29,太普高,3284,上櫃增資,114/08/25,114/08/27,"450,000","450,000",20,20,114/09/08,永豐金,"1,000","9,000,000","18,445",2.43,
186,114/08/27,大成鋼,2027,上市增資,114/08/21,114/08/25,"12,750,000","12,750,000",31,31,114/09/04,統一,"1,000","395,250,000","293,124",4.34,
187,114/08/21,康聯訊,3672,上櫃增資,114/08/15,114/08/19,"765,000","765,000",13.5,13.5,114/08/29,國票,"1,000","10,327,500","16,507",4.63,
188,114/08/20,竑騰,7751,初上櫃,114/08/14,114/08/18,"451,000","451,000",360,360,114/08/26,台新,"1,000","162,360,000","137,657",0.32,
189,114/08/15,友霖,4166,初上櫃,114/08/11,114/08/13,"3,500,000","3,500,000",28,28,114/08/21,元富,"1,000","98,000,000","79,812",4.38,
190,114/08/13,佳和,1449,上市增資,114/08/07,114/08/11,"1,700,000","1,700,000",10.8,10.8,114/08/21,群益金鼎,"1,000","18,360,000","59,279",2.86,
191,114/08/07,閎暉,3311,上市增資,114/08/01,114/08/05,"2,720,000","2,720,000",27.5,27.5,114/08/15,台新,"1,000","74,800,000","220,680",1.23,
192,114/08/06,泰福-KY,6541,上市增資,114/07/31,114/08/04,"2,210,000","2,210,000",48,48,114/08/14,台新,"1,000","106,080,000","29,731",7.43,
193,114/08/05,新晶投控,3713,上櫃增資,114/07/30,114/08/01,"850,000","850,000",18,18,114/08/13,第一金,"1,000","15,300,000","21,412",3.96,
194,114/08/05,竣邦-KY,4442,第一上櫃公司現金增資,114/07/30,114/08/01,"225,000","225,000",40,40,114/08/13,台新,"1,000","9,000,000","57,712",0.38,
195,114/08/05,星亞,7753,初上櫃,114/07/30,114/08/01,"593,000","593,000",45,45,114/08/11,凱基,"1,000","26,685,000","194,166",0.3,
196,114/07/31,凌航,3135,初上市,114/07/25,114/07/29,"2,050,000","2,050,000",28,28,114/08/06,統一,"1,000","57,400,000","153,588",1.33,
197,114/07/24,信紘科,6667,上櫃增資,114/07/18,114/07/22,"264,000","264,000",153,153,114/08/01,台新,"1,000","40,392,000","197,262",0.13,
198,114/07/23,微程式,7721,初上市,114/07/17,114/07/21,"1,003,000","1,003,000",53,53,114/07/29,富邦,"1,000","53,159,000","217,474",0.46,
199,114/07/23,碩網,7547,初上櫃,114/07/17,114/07/21,"655,000","655,000",60,60,114/07/29,永豐金,"1,000","39,300,000","260,712",0.25,
200,114/07/22,亞昕,5213,上櫃增資,114/07/16,114/07/18,"2,975,000","2,975,000",26.95,26.95,114/07/30,富邦,"1,000","80,176,250","27,001",11.01,
201,114/07/14,寶德,3349,上櫃增資,114/07/08,114/07/10,"510,000","510,000",14.5,14.5,114/07/22,德信,"1,000","7,395,000","39,128",1.3,
202,114/07/07,昕奇雲端,7747,初上櫃,114/07/01,114/07/03,"746,000","746,000",96,96,114/07/11,凱基,"1,000","71,616,000","186,580",0.39,
203,114/06/25,皇翔,2545,上市增資,114/06/19,114/06/23,"4,420,000","4,420,000",38.5,38.5,114/07/03,元大,"1,000","170,170,000","98,001",4.51,
204,114/06/19,華新,1605,上市增資,114/06/13,114/06/17,"34,000,000","34,000,000",19,19,114/06/27,元大,"1,000","646,000,000","71,273",47.7,
205,114/06/11,益得,6461,上櫃增資,114/06/05,114/06/09,"2,250,000","2,250,000",17.4,17.4,114/06/19,台新,"1,000","39,150,000","6,726",33.45,
206,114/06/09,意騰-KY,7749,第一上市公司初上市,114/06/03,114/06/05,"929,000","929,000",330,330,114/06/13,元大,"1,000","306,570,000","52,121",1.78,
207,114/06/04,愛派司,6918,初上市,114/05/28,114/06/02,"797,000","797,000",75,75,114/06/10,統一,"1,000","59,775,000","136,904",0.58,
208,114/05/22,意藍,6925,初上櫃,114/05/16,114/05/20,"461,000","461,000",45.8,45.8,114/05/28,凱基,"1,000","21,113,800","116,436",0.39,
209,114/05/22,兆聯實業,6944,初上市,114/05/16,114/05/20,"1,227,000","1,227,000",262,262,114/05/28,富邦,"1,000","321,474,000","145,595",0.84,
210,114/05/21,生合,1295,初上櫃,114/05/15,114/05/19,"560,000","560,000",56.5,56.5,114/05/27,台新,"1,000","31,640,000","87,215",0.64,
211,114/05/16,昶瑞機電,7642,初上櫃,114/05/12,114/05/14,"870,000","870,000",66.18,66.18,114/05/22,富邦,"1,000","57,576,600","136,485",0.63,
212,114/05/15,創控,6909,初上市,114/05/09,114/05/13,"1,033,000","1,033,000",32,32,114/05/21,國泰,"1,000","33,056,000","129,106",0.8,
213,114/05/14,久禾光,6498,初上櫃,114/05/08,114/05/12,"1,102,000","1,102,000",72,72,114/05/20,宏遠,"1,000","79,344,000","86,303",1.27,
214,114/05/14,金利食安,7743,初上櫃,114/05/08,114/05/12,"591,000","591,000",28,28,114/05/20,凱基,"1,000","16,548,000","130,705",0.45,
215,114/05/12,醫影,6637,上櫃增資,114/05/06,114/05/08,"213,000","213,000",55.8,55.8,114/05/20,富邦,"1,000","11,885,400","103,994",0.2,
216,114/05/12,GOGOLOOK-創,6902,創新板轉列上市,114/05/06,114/05/08,"565,000","565,000",65,65,114/05/16,元大,"1,000","36,725,000","135,423",0.41,
217,114/05/02,立誠,6597,初上櫃,114/04/25,114/04/29,"679,000","679,000",96,86.57,114/05/08,福邦,"1,000","58,781,030","83,627",0.81,
218,114/04/24,築間,7723,初上櫃,114/04/18,114/04/22,"912,000","912,000",45,45,114/04/30,凱基,"1,000","41,040,000","82,385",1.1,
219,114/04/22,永鴻生技,6936,初上市,114/04/16,114/04/18,"2,021,000","2,021,000",28.01,28.01,114/04/28,富邦,"1,000","56,608,210","159,385",1.26,
220,114/04/18,立誠,6597,初上櫃,114/04/14,114/04/16,"679,000","679,000",110,---,114/04/24,福邦,"1,000",---,0,0,取消申購
221,114/04/11,正達,3149,上市增資,114/04/07,114/04/09,"3,400,000","3,400,000",30,30,114/04/21,台新,"1,000","102,000,000","1,168",100,
222,114/04/08,神盾,6462,上櫃增資,114/03/31,114/04/02,"890,000","890,000",102,102,114/04/16,元大,"1,000","90,780,000","30,220",2.94,
223,114/03/31,能率網通,8071,上櫃增資,114/03/25,114/03/27,"700,000","700,000",17.8,17.8,114/04/10,玉山,"1,000","12,460,000","98,474",0.71,
224,114/03/26,德晉,3466,上櫃增資,114/03/20,114/03/24,"1,476,000","1,476,000",50,50,114/04/07,台新,"1,000","73,800,000","18,177",8.12,
225,114/03/26,鑫聯大投控,3709,上櫃增資,114/03/20,114/03/24,"2,125,000","2,125,000",24,24,114/04/07,元大,"1,000","51,000,000","225,310",0.94,
226,114/03/24,岱宇,1598,上市增資,114/03/18,114/03/20,"1,020,000","1,020,000",27,27,114/04/01,統一,"1,000","27,540,000","9,117",11.18,
227,114/03/24,迅得,6438,上市增資,114/03/18,114/03/20,"340,000","340,000",185,185,114/04/01,台新,"1,000","62,900,000","28,778",1.18,
228,114/03/21,斐成,3313,上櫃增資,114/03/17,114/03/19,"4,420,000","4,420,000",12,12,114/03/31,合庫,"1,000","53,040,000","112,893",3.91,
229,114/03/21,旭軟,3390,上櫃增資,114/03/17,114/03/19,"850,000","850,000",22,22,114/03/31,中國信託,"1,000","18,700,000","110,334",0.77,
230,114/03/19,錼創科技-KY創,6854,創新板第一上市現增,114/03/13,114/03/17,"893,000","893,000",188,188,114/03/27,中國信託,"1,000","167,884,000","6,454",13.83,
231,114/03/19,愛山林,2540,上市增資,114/03/13,114/03/17,"4,250,000","4,250,000",83,83,114/03/27,國泰,"1,000","352,750,000","28,534",14.89,
232,114/03/19,台灣精材,3467,初上櫃,114/03/13,114/03/17,"593,000","593,000",35,35,114/03/25,元大,"1,000","20,755,000","292,585",0.2,
233,114/03/18,美吉吉-KY,8466,第一上市公司現金增資,114/03/12,114/03/14,"900,000","900,000",38.7,38.7,114/03/26,台新,"1,000","34,830,000","4,738",18.99,
234,114/03/14,博智,8155,上櫃增資,114/03/10,114/03/12,"425,000","425,000",100,100,114/03/24,凱基,"1,000","42,500,000","167,457",0.25,
235,114/03/14,恒耀,8349,上櫃增資,114/03/10,114/03/12,"1,700,000","1,700,000",53,53,114/03/24,富邦,"1,000","90,100,000","38,368",4.43,
236,114/03/13,必應,6625,上市增資,114/03/07,114/03/11,"765,000","765,000",68,68,114/03/21,台新,"1,000","52,020,000","27,853",2.74,
237,114/03/13,濾能,6823,上櫃增資,114/03/07,114/03/11,"468,000","468,000",48,48,114/03/21,永豐金,"1,000","22,464,000","133,613",0.35,
238,114/03/12,皇龍,3512,上櫃增資,114/03/06,114/03/10,"1,360,000","1,360,000",26,26,114/03/20,第一金,"1,000","35,360,000","91,884",1.48,
239,114/03/12,安國,8054,上櫃增資,114/03/06,114/03/10,"680,000","680,000",90,90,114/03/20,福邦,"1,000","61,200,000","86,817",0.78,
240,114/03/12,智通*,8932,上櫃增資,114/03/06,114/03/10,"340,000","340,000",90,90,114/03/20,福邦,"1,000","30,600,000","55,988",0.6,
241,114/03/12,達麗,6177,上市增資,114/03/06,114/03/10,"1,700,000","1,700,000",36,36,114/03/20,國泰,"1,000","61,200,000","134,075",1.26,
242,114/03/12,友鋮,7718,初上櫃,114/03/06,114/03/10,"1,028,000","1,028,000",40,40,114/03/18,富邦,"1,000","41,120,000","182,925",0.56,
243,114/03/12,虎山,7736,初上市,114/03/06,114/03/10,"1,432,000","1,432,000",83.8,83.8,114/03/18,元大,"1,000","120,001,600","238,350",0.6,
244,114/03/11,永新-KY,4557,第一上市公司現金增資,114/03/05,114/03/07,"510,000","510,000",100,100,114/03/19,兆豐,"1,000","51,000,000","125,961",0.4,
245,114/03/07,雷虎,8033,上市增資,114/03/03,114/03/05,"850,000","850,000",49.8,49.8,114/03/17,福邦,"1,000","42,330,000","193,061",0.44,
246,114/03/07,華勝-KY,2248,第一上市公司初上市,114/03/03,114/03/05,"1,666,000","1,666,000",50,50,114/03/13,國票,"1,000","83,300,000","181,975",0.91,
247,114/03/07,元翎,4564,上市增資,114/03/03,114/03/05,"2,550,000","2,550,000",19,19,114/03/17,永豐金,"1,000","48,450,000","71,799",3.55,
248,114/03/06,元大期,6023,上櫃增資,114/02/27,114/03/04,"2,550,000","2,550,000",74,74,114/03/14,兆豐,"1,000","188,700,000","194,953",1.3,
249,114/03/05,豪展,4735,上櫃增資,114/02/26,114/03/03,"432,000","432,000",37.1,37.1,114/03/13,第一金,"1,000","16,027,200","13,363",3.23,
250,114/03/05,日勝生,2547,上市增資,114/02/26,114/03/03,"6,900,000","6,900,000",10.3,10.3,114/03/13,國票,"1,000","71,070,000","27,946",24.69,
251,114/03/04,森崴能源,6806,上市增資,114/02/25,114/02/27,"4,250,000","4,250,000",80,80,114/03/12,福邦,"1,000","340,000,000","287,770",1.47,
252,114/03/04,寶綠特-KY,6887,第一上市公司初上市,114/02/25,114/02/27,"1,579,000","1,579,000",65,65,114/03/10,台新,"1,000","102,635,000","72,499",2.17,
253,114/03/03,浩宇生醫,6872,初上櫃,114/02/24,114/02/26,"1,614,000","1,614,000",23.4,23.4,114/03/07,元富,"1,000","37,767,600","227,898",0.7,
254,114/03/03,中傑-KY,6965,第一上市公司初上市,114/02/24,114/02/26,"3,118,000","3,118,000",128,128,114/03/07,中國信託,"1,000","399,104,000","94,315",3.3,
255,114/03/03,群益期,6024,上市增資,114/02/24,114/02/26,"3,358,000","3,358,000",52.8,52.8,114/03/11,華南永昌,"1,000","177,302,400","79,063",4.24,
256,114/02/27,光焱科技,7728,初上櫃,114/02/21,114/02/25,"307,000","307,000",220,220,114/03/06,台新,"1,000","67,540,000","206,061",0.14,
257,114/02/20,印能科技,7734,初上櫃,114/02/14,114/02/18,"382,000","382,000","1,250","1,250",114/02/26,台新,"1,000","477,500,000","67,142",0.56,
258,114/02/20,威剛,3260,上櫃增資,114/02/14,114/02/18,"2,550,000","2,550,000",61,61,114/03/03,玉山,"1,000","155,550,000","297,508",0.85,
259,114/02/19,中探針,6217,上櫃增資,114/02/13,114/02/17,"1,785,000","1,785,000",30.9,30.9,114/02/27,國票,"1,000","55,156,500","103,377",1.72,
260,114/02/19,榮田,7709,初上櫃,114/02/13,114/02/17,"812,000","812,000",45,45,114/02/25,台新,"1,000","36,540,000","145,211",0.55,
261,114/02/19,健喬,4114,上櫃增資,114/02/13,114/02/17,"2,975,000","2,975,000",30.2,30.2,114/02/27,國泰,"1,000","89,845,000","63,040",4.71,
262,114/02/18,上曜,1316,上市增資,114/02/12,114/02/14,"5,525,000","5,525,000",12,12,114/02/26,元富,"1,000","66,300,000","118,079",4.67,
263,114/02/18,聯策,6658,上市增資,114/02/12,114/02/14,"298,000","298,000",60,60,114/02/26,元富,"1,000","17,880,000","108,740",0.27,
264,114/02/18,威力德生醫,7713,初上櫃,114/02/12,114/02/14,"752,000","752,000",55,55,114/02/24,台新,"1,000","41,360,000","168,621",0.44,
265,114/02/14,皇昌,2543,上市增資,114/02/10,114/02/12,"2,975,000","2,975,000",58.1,58.1,114/02/24,統一,"1,000","172,847,500","347,809",0.85,
266,114/02/11,寶徠,1805,上市增資,114/02/05,114/02/07,"2,700,000","2,700,000",14,14,114/02/19,福邦,"1,000","37,800,000","19,091",14.14,
267,114/02/10,嘉聯益,6153,上市增資,114/02/04,114/02/06,"3,570,000","3,570,000",14,14,114/02/18,宏遠,"1,000","49,980,000","13,984",25.52,
268,114/02/07,加捷生醫,4109,上櫃增資,114/02/03,114/02/05,"1,700,000","1,700,000",18,18,114/02/17,群益金鼎,"1,000","30,600,000","48,623",3.49,
269,114/01/13,新應材,4749,初上櫃,114/01/07,114/01/09,"1,851,000","1,851,000",480,480,114/01/17,兆豐,"1,000","888,480,000","133,159",1.39,
270,114/01/13,麗清,3346,上市增資,114/01/07,114/01/09,"510,000","510,000",32,32,114/01/21,永豐金,"1,000","16,320,000","18,739",2.72,
271,114/01/09,創泓科技,7714,初上櫃,114/01/03,114/01/07,"483,000","483,000",86.06,86.06,114/01/15,中國信託,"1,000","41,566,980","53,341",0.9,
272,114/01/09,青松健康,6931,初上市,114/01/03,114/01/07,"1,137,000","1,137,000",67,67,114/01/15,福邦,"1,000","76,179,000","190,145",0.59,
273,114/01/09,富威電力,6994,初上市,114/01/03,114/01/07,"1,885,000","1,885,000",81,81,114/01/15,福邦,"1,000","152,685,000","208,853",0.9,
274,114/01/09,裕山,7715,初上櫃,114/01/03,114/01/07,"766,000","766,000",39.6,39.6,114/01/15,永豐金,"1,000","30,333,600","123,796",0.61,
275,114/01/08,金興精密,7732,初上市,114/01/02,114/01/06,"1,120,000","1,120,000",40,40,114/01/14,福邦,"1,000","44,800,000","109,883",1.01,
276,114/01/07,天方能源,3073,上櫃增資,113/12/31,114/01/03,"425,000","425,000",53,53,114/01/15,兆豐,"1,000","22,525,000","31,064",1.36,
277,114/01/03,伯特光,6859,上櫃增資,113/12/27,113/12/31,"170,000","170,000",138,138,114/01/13,福邦,"1,000","23,460,000","142,483",0.11,
278,114/01/02,鈺齊-KY,9802,第一上市公司現金增資,113/12/26,113/12/30,"850,000","850,000",76,76,114/01/10,國票,"1,000","64,600,000","220,608",0.38,
279,114/01/02,華安,6657,上市增資,113/12/26,113/12/30,"1,080,000","1,080,000",48,48,114/01/10,元大,"1,000","51,840,000","15,280",7.06,
280,113/12/31,綠河-KY,8444,第一上櫃公司現金增資,113/12/25,113/12/27,"900,000","900,000",31,31,114/01/09,統一,"1,000","27,900,000","4,799",18.75,
281,113/12/26,東典光電,6588,上櫃增資,113/12/20,113/12/24,"680,000","680,000",32.5,32.5,114/01/06,兆豐,"1,000","22,100,000","126,429",0.53,
282,113/12/26,鑫創,3259,上櫃增資,113/12/20,113/12/24,"1,360,000","1,360,000",22,22,114/01/06,群益金鼎,"1,000","29,920,000","6,098",22.3,
283,113/12/24,三商壽,2867,上市增資,113/12/18,113/12/20,"25,500,000","25,500,000",6.3,6.3,114/01/02,華南永昌,"5,000","160,650,000","7,034",72.5,
284,113/12/24,金雨,4503,上櫃增資,113/12/18,113/12/20,"1,020,000","1,020,000",37.5,37.5,114/01/02,元大,"1,000","38,250,000","188,204",0.54,
285,113/12/23,三地開發,1438,上市增資,113/12/17,113/12/19,"1,800,000","1,800,000",50,50,113/12/31,統一,"1,000","90,000,000","23,300",7.72,
286,113/12/23,華晶科,3059,上市增資,113/12/17,113/12/19,"2,295,000","2,295,000",26.8,26.8,113/12/31,凱基,"1,000","61,506,000","125,211",1.83,
287,113/12/20,博盛半導體,7712,初上櫃,113/12/16,113/12/18,"553,000","553,000",186,186,113/12/26,兆豐,"1,000","102,858,000","88,981",0.62,
288,113/12/19,金萬林-創,6645,創新板上市現增,113/12/13,113/12/17,"595,000","595,000",23,23,113/12/27,華南永昌,"1,000","13,685,000","3,698",16.08,
289,113/12/16,安碁資訊,6690,上櫃增資,113/12/10,113/12/12,"680,000","680,000",200,200,113/12/24,台新,"1,000","136,000,000","66,437",1.02,
290,113/12/12,大井泵浦,6982,初上櫃,113/12/06,113/12/10,"850,000","850,000",51,51,113/12/18,華南永昌,"1,000","43,350,000","171,738",0.49,
291,113/12/11,易飛網,2734,上櫃增資,113/12/05,113/12/09,"1,275,000","1,275,000",23.5,23.5,113/12/19,第一金,"1,000","29,962,500","178,410",0.71,
292,113/12/10,全福生技,6885,初上市,113/12/04,113/12/06,"2,680,000","2,680,000",32.31,32.31,113/12/16,元富,"1,000","86,590,800","128,951",2.07,
293,113/12/10,明遠精密,7704,初上櫃,113/12/04,113/12/06,"572,000","572,000",69,69,113/12/16,凱基,"1,000","39,468,000","207,045",0.27,
294,113/12/10,博弘,6997,初上櫃,113/12/04,113/12/06,"595,000","595,000",101,101,113/12/16,元大,"1,000","60,095,000","182,136",0.32,
295,113/12/09,易發,6425,上櫃增資,113/12/03,113/12/05,"425,000","425,000",68,68,113/12/17,福邦,"1,000","28,900,000","154,686",0.27,
296,113/12/09,寬宏藝術,6596,上櫃增資,113/12/03,113/12/05,"425,000","425,000",70,70,113/12/17,福邦,"1,000","29,750,000","32,640",1.3,
297,113/12/06,合正,5381,上櫃增資,113/12/02,113/12/04,"2,550,000","2,550,000",24,24,113/12/16,元富,"1,000","61,200,000","14,448",17.64,
298,113/12/06,安倉,5548,上櫃增資,113/12/02,113/12/04,"1,275,000","1,275,000",26,26,113/12/16,華南永昌,"1,000","33,150,000","140,140",0.9,
299,113/12/05,jpp-KY,5284,第一上市公司現金增資,113/11/29,113/12/03,"255,000","255,000",113,113,113/12/13,凱基,"1,000","28,815,000","148,271",0.17,
300,113/12/05,達運光電,8045,初上市,113/11/29,113/12/03,"2,105,000","2,105,000",68.8,68.8,113/12/11,華南永昌,"1,000","144,824,000","192,162",1.09,
301,113/12/04,力領科技,6996,初上櫃,113/11/28,113/12/02,"748,000","748,000",200,200,113/12/10,兆豐,"1,000","149,600,000","165,048",0.45,
302,113/12/03,華孚,6235,上市增資,113/11/27,113/11/29,"493,000","493,000",50,50,113/12/11,福邦,"1,000","24,650,000","235,405",0.2,
303,113/12/03,北極星藥業-KY,6550,第一上市公司現金增資,113/11/27,113/11/29,"2,040,000","2,040,000",49,49,113/12/11,國泰,"1,000","99,960,000","27,696",7.36,
304,113/12/02,燿華,2367,上市增資,113/11/26,113/11/28,"3,400,000","3,400,000",26,26,113/12/10,臺銀證券,"1,000","88,400,000","201,066",1.69,
305,113/11/29,逸達,6576,上櫃增資,113/11/25,113/11/27,"1,530,000","1,530,000",76,76,113/12/09,元富,"1,000","116,280,000","24,693",6.19,
306,113/11/29,LINEPAY,7722,初上市,113/11/25,113/11/27,"1,748,000","1,748,000",508,508,113/12/05,凱基,"1,000","887,984,000","133,008",1.31,
307,113/11/28,吉茂,1587,上市增資,113/11/22,113/11/26,"680,000","680,000",30,30,113/12/06,宏遠,"1,000","20,400,000","232,381",0.29,
308,113/11/28,久昌,6720,初上櫃,113/11/22,113/11/26,"620,000","620,000",138,138,113/12/04,中國信託,"1,000","85,560,000","191,035",0.32,
309,113/11/25,台灣虎航,6757,創新板轉列上市,113/11/19,113/11/21,"1,790,000","1,790,000",40,40,113/11/29,台新,"1,000","71,600,000","857,752",0.2,
310,113/11/22,致和證,5864,上櫃增資,113/11/18,113/11/20,"8,150,000","8,150,000",13.8,13.8,113/12/02,統一,"2,000","112,470,000","185,114",2.2,
311,113/11/22,亞帝歐,3516,上櫃增資,113/11/18,113/11/20,"510,000","510,000",21,21,113/12/02,富邦,"1,000","10,710,000","154,046",0.33,
312,113/11/20,三商餐飲,7705,初上市,113/11/14,113/11/18,"1,216,000","1,216,000",70.88,70.88,113/11/26,國泰,"1,000","86,190,080","301,977",0.4,
313,113/11/20,ITH-KY,6962,第一上市公司初上市,113/11/14,113/11/18,"8,200,000","8,200,000",39.65,39.65,113/11/26,永豐金,"1,000","325,130,000","132,061",6.2,
314,113/11/19,風青,2061,上櫃增資,113/11/13,113/11/15,"880,000","880,000",18.6,18.6,113/11/27,大展,"1,000","16,368,000","25,535",3.44,
315,113/11/18,惠特,6706,上市增資,113/11/12,113/11/14,"425,000","425,000",132,132,113/11/26,凱基,"1,000","56,100,000","212,267",0.2,
316,113/11/15,夏都,2722,上市增資,113/11/11,113/11/13,"1,870,000","1,870,000",30,30,113/11/25,統一,"1,000","56,100,000","204,260",0.91,
317,113/11/14,中視,9928,上市增資,113/11/08,113/11/12,"850,000","850,000",15,15,113/11/22,台新,"1,000","12,750,000","152,183",0.55,
318,113/11/13,精剛,1584,上櫃增資,113/11/07,113/11/11,"3,400,000","3,400,000",32,32,113/11/21,凱基,"1,000","108,800,000","13,658",24.89,
319,113/11/12,富喬,1815,上櫃增資,113/11/06,113/11/08,"4,250,000","4,250,000",18.5,18.5,113/11/20,臺銀證券,"1,000","78,625,000","238,952",1.77,
320,113/11/11,全家餐飲,7708,初上櫃,113/11/05,113/11/07,"625,000","625,000",72,72,113/11/15,元大,"1,000","45,000,000","499,605",0.12,
321,113/11/07,浩鼎,4174,上櫃增資,113/11/01,113/11/05,"2,873,000","2,873,000",64,64,113/11/15,元富,"1,000","183,872,000","20,253",14.18,
322,113/11/07,銳澤,7703,初上櫃,113/10/31,113/11/05,"584,000","584,000",120,120,113/11/13,凱基,"1,000","70,080,000","258,780",0.22,
323,113/11/07,合晶,6182,上櫃增資,113/11/01,113/11/05,"2,550,000","2,550,000",26.5,26.5,113/11/15,富邦,"1,000","67,575,000","86,087",2.96,
324,113/11/05,順藥,6535,上櫃增資,113/10/29,113/11/01,"340,000","340,000",225,225,113/11/13,元富,"1,000","76,500,000","250,268",0.13,
325,113/11/05,慶豐富,9935,上市增資,113/10/29,113/11/01,"340,000","340,000",27.3,27.3,113/11/13,凱基,"1,000","9,282,000","132,643",0.25,
326,113/11/04,泰鼎-KY,4927,第一上市公司現金增資,113/10/28,113/10/30,"2,550,000","2,550,000",40,40,113/11/12,凱基,"1,000","102,000,000","95,028",2.68,
327,113/10/30,允強,2034,上市增資,113/10/24,113/10/28,"4,250,000","4,250,000",19,19,113/11/08,永豐金,"1,000","80,750,000","129,402",3.28,
328,113/10/24,宏全,9939,上市增資,113/10/18,113/10/22,"680,000","680,000",133,133,113/11/01,台新,"1,000","90,440,000","181,155",0.37,
329,113/10/23,沛波,6248,上櫃增資,113/10/17,113/10/21,"2,550,000","2,550,000",27,27,113/10/31,兆豐,"1,000","68,850,000","104,382",2.44,
330,113/10/23,世界,5347,上櫃增資,113/10/17,113/10/21,"17,000,000","17,000,000",88,88,113/10/31,凱基,"1,000","1,496,000,000","281,310",6.04,
331,113/10/21,星宇航空,2646,初上市,113/10/15,113/10/17,"79,900,000","79,900,000",20,20,113/10/25,第一金,"2,000","1,598,000,000","1,607,558",2.48,
332,113/10/18,神準,3558,上櫃增資,113/10/14,113/10/16,"850,000","850,000",125,125,113/10/28,凱基,"1,000","106,250,000","215,140",0.39,
333,113/10/17,全景軟體,8272,初上櫃,113/10/11,113/10/15,"366,000","366,000",59,59,113/10/23,富邦,"1,000","21,594,000","367,441",0.09,
334,113/10/17,三集瑞-KY,6862,第一上市公司初上市,113/10/11,113/10/15,"1,120,000","1,120,000",135,135,113/10/23,永豐金,"1,000","151,200,000","90,295",1.24,
335,113/10/16,永冠-KY,1589,第一上市公司現金增資,113/10/09,113/10/14,"1,275,000","1,275,000",40,40,113/10/24,永豐金,"1,000","51,000,000","13,157",9.69,
336,113/10/08,盟立,2464,上市增資,113/10/02,113/10/04,"765,000","765,000",63,63,113/10/17,中國信託,"1,000","48,195,000","133,441",0.57,
337,113/10/08,泰金-KY,6629,上櫃增資,113/09/30,113/10/04,"221,000","221,000",109,109,113/10/17,元大,"1,000","24,089,000","117,422",0.18,
338,113/09/30,劍麟,2228,上市增資,113/09/24,113/09/26,"319,000","319,000",88,88,113/10/08,凱基,"1,000","28,072,000","213,915",0.14,
339,113/09/30,中租-KY,5871,第一上市公司現金增資,113/09/24,113/09/26,"2,635,000","2,635,000",125,125,113/10/08,凱基,"1,000","329,375,000","251,235",1.04,
340,113/09/27,亞昕,5213,上櫃增資,113/09/23,113/09/25,"4,250,000","4,250,000",37.45,37.45,113/10/09,富邦,"1,000","159,162,500","5,062",83.95,
341,113/09/26,康霈*,6919,初上市,113/09/20,113/09/24,"3,320,000","3,320,000",433.8,433.8,113/10/02,元大,"1,000","1,440,216,000","121,637",2.72,
342,113/09/25,鴻呈,6913,初上櫃,113/09/19,113/09/23,"642,000","642,000",100.73,100.73,113/10/01,兆豐,"1,000","64,668,660","123,332",0.52,
343,113/09/24,華景電,6788,上櫃增資,113/09/18,113/09/20,"340,000","340,000",130,130,113/10/02,富邦,"1,000","44,200,000","290,992",0.11,
344,113/09/20,漢田生技,1294,初上櫃,113/09/13,113/09/18,"454,000","454,000",118,118,113/09/26,中國信託,"1,000","53,572,000","38,985",1.16,
345,113/09/20,王道銀乙特,2897B,上市增資,113/09/13,113/09/18,"23,750,000","23,750,000",12,12,113/09/30,元大,"5,000","285,000,000","13,121",36.2,
346,113/09/20,泓德能源-創,6873,創新板轉列上市,113/09/13,113/09/18,"1,700,000","1,700,000",188,188,113/09/26,元大,"1,000","319,600,000","128,056",1.32,
347,113/09/19,東研信超,6840,上櫃增資,113/09/12,113/09/16,"213,000","213,000",60,60,113/09/27,康和,"1,000","12,780,000","15,476",1.37,
348,113/09/19,汎瑋材料,6967,初上櫃,113/09/12,113/09/16,"596,000","596,000",50,50,113/09/25,凱基,"1,000","29,800,000","118,235",0.5,
349,113/09/19,美律,2439,上市增資,113/09/12,113/09/16,"425,000","425,000",95,95,113/09/27,富邦,"1,000","40,375,000","156,921",0.27,
350,113/09/19,中台,6923,初上市,113/09/12,113/09/16,"1,932,000","1,932,000",80,80,113/09/25,元大,"1,000","154,560,000","156,098",1.23,
351,113/09/16,新日興,3376,上市增資,113/09/10,113/09/12,"680,000","680,000",170,170,113/09/25,凱基,"1,000","115,600,000","89,526",0.75,
352,113/09/13,台特化,4772,初上櫃,113/09/09,113/09/11,"1,700,000","1,700,000",110,110,113/09/20,元大,"1,000","187,000,000","203,043",0.83,
353,113/09/11,聚和,6509,上櫃增資,113/09/05,113/09/09,"2,210,000","2,210,000",32,32,113/09/20,凱基,"1,000","70,720,000","130,551",1.69,
354,113/09/11,營邦,3693,上櫃增資,113/09/05,113/09/09,"383,000","383,000",330,330,113/09/20,元大,"1,000","126,390,000","67,431",0.56,
355,113/09/04,聯上,4113,上櫃增資,113/08/29,113/09/02,"1,700,000","1,700,000",31.9,31.9,113/09/12,合庫,"1,000","54,230,000","228,212",0.74,
356,113/09/04,巨有科技,8227,上櫃增資,113/08/29,113/09/02,"187,000","187,000",150,150,113/09/12,華南永昌,"1,000","28,050,000","153,480",0.12,
357,113/09/04,王座,2751,初上櫃,113/08/29,113/09/02,"518,000","518,000",70.8,70.8,113/09/10,永豐金,"1,000","36,674,400","112,929",0.45,
358,113/09/03,三商壽,2867,上市增資,113/08/28,113/08/30,"25,500,000","25,500,000",6.8,6.8,113/09/11,華南永昌,"5,000","173,400,000","167,600",3.04,
359,113/09/03,成信實業*,6969,創新板初上市,113/08/28,113/08/30,"648,000","648,000",32,32,113/09/09,富邦,"1,000","20,736,000","7,462",8.68,
360,113/08/27,汎銓,6830,上市增資,113/08/21,113/08/23,"425,000","425,000",120,120,113/09/04,台新,"1,000","51,000,000","62,256",0.68,
361,113/08/27,竹陞科技,6739,初上櫃,113/08/21,113/08/23,"526,000","526,000",75,75,113/09/02,群益金鼎,"1,000","39,450,000","259,299",0.2,
362,113/08/14,日盛台駿,6958,初上市,113/08/08,113/08/12,"4,100,000","4,100,000",30,30,113/08/20,台新,"1,000","123,000,000","132,266",3.09,
363,113/08/12,華邦電,2344,上市增資,113/08/06,113/08/08,"27,200,000","27,200,000",21,21,113/08/20,中國信託,"1,000","571,200,000","81,930",33.19,
364,113/08/09,萬潤,6187,上櫃增資,113/08/05,113/08/07,"532,000","532,000",223,223,113/08/19,兆豐,"1,000","118,636,000","46,155",1.15,
365,113/08/08,萬達寵物,6968,初上櫃,113/08/02,113/08/06,"701,000","701,000",68,68,113/08/14,福邦,"1,000","47,668,000","123,097",0.56,
366,113/08/07,台新藥,6838,初上市,113/08/01,113/08/05,"3,124,000","3,124,000",36,36,113/08/13,凱基,"1,000","112,464,000","193,231",1.61,
367,113/08/06,迅杰,6243,上市增資,113/07/31,113/08/02,"170,000","170,000",50,50,113/08/14,福邦,"1,000","8,500,000","37,662",0.45,
368,113/08/02,新光金,2888,上市增資,113/07/29,113/07/31,"141,950,000","141,950,000",8.3,8.3,113/08/12,永豐金,"10,000","1,178,185,000","421,041",3.37,
369,113/08/01,鈺創,5351,上櫃增資,113/07/26,113/07/30,"2,975,000","2,975,000",38,38,113/08/09,第一金,"1,000","113,050,000","80,934",3.67,
370,113/07/30,建舜電,3322,上櫃增資,113/07/23,113/07/26,"680,000","680,000",17.6,17.6,113/08/07,德信,"1,000","11,968,000","92,574",0.73,
371,113/07/30,銘旺科,2429,上市增資,113/07/23,113/07/26,"3,400,000","3,400,000",18.5,18.5,113/08/07,台新,"1,000","62,900,000","217,779",1.56,
372,113/07/29,上洋,6728,上櫃增資,113/07/19,113/07/23,"595,000","595,000",108,108,113/08/06,統一,"1,000","64,260,000","87,889",0.67,
373,113/07/29,東哥遊艇,8478,上市增資,113/07/19,113/07/23,"514,000","514,000",335,335,113/08/06,凱基,"1,000","172,190,000","48,846",1.05,
374,113/07/26,ABC-KY,6598,上市增資,113/07/18,113/07/22,"1,890,000","1,890,000",21,21,113/08/05,台新,"1,000","39,690,000","160,599",1.17,
375,113/07/26,信紘科,6667,上櫃增資,113/07/18,113/07/22,"119,000","119,000",129,129,113/08/05,台新,"1,000","15,351,000","186,174",0.06,
376,113/07/23,三洋實業,1472,上市增資,113/07/17,113/07/19,"850,000","850,000",51,51,113/08/02,台新,"1,000","43,350,000","168,732",0.5,
377,113/07/19,樂意,7584,初上櫃,113/07/15,113/07/17,"429,000","429,000",75,75,113/07/25,元富,"1,000","32,175,000","252,517",0.16,
378,113/07/19,安克,4188,上櫃增資,113/07/15,113/07/17,"900,000","900,000",23,23,113/07/29,福邦,"1,000","20,700,000","80,747",1.11,
379,113/07/19,翔名,8091,上櫃增資,113/07/15,113/07/17,"408,000","408,000",115,115,113/07/29,玉山,"1,000","46,920,000","177,903",0.22,
380,113/07/16,滿心,2916,上櫃增資,113/07/10,113/07/12,"850,000","850,000",42,42,113/07/24,福邦,"1,000","35,700,000","182,456",0.46,
381,113/07/12,大宇資,6111,上櫃增資,113/07/08,113/07/10,"442,000","442,000",65,65,113/07/22,第一金,"1,000","28,730,000","93,656",0.47,
382,113/07/11,佳和,1449,上市增資,113/07/05,113/07/09,"1,216,000","1,216,000",14,14,113/07/19,群益金鼎,"1,000","17,024,000","215,847",0.56,
383,113/07/08,廣運,6125,上櫃增資,113/07/02,113/07/04,"850,000","850,000",90,90,113/07/16,元大,"1,000","76,500,000","207,528",0.4,
384,113/07/05,柏騰,3518,上市增資,113/07/01,113/07/03,"1,020,000","1,020,000",25,25,113/07/15,台新,"1,000","25,500,000","163,179",0.62,
385,113/06/24,愛地雅,8933,上櫃增資,113/06/18,113/06/20,"2,200,000","2,200,000",8.8,8.8,113/07/02,台新,"1,000","19,360,000","65,553",3.35,
386,113/06/21,一詮,2486,上市增資,113/06/17,113/06/19,"1,020,000","1,020,000",72,72,113/07/01,福邦,"1,000","73,440,000","395,351",0.25,
387,113/06/19,裕慶-KY,6957,第一上市公司初上市,113/06/13,113/06/17,"1,105,000","1,105,000",138,138,113/06/25,中國信託,"1,000","152,490,000","93,206",1.18,
388,113/06/18,皇昌,2543,上市增資,113/06/12,113/06/14,"5,100,000","5,100,000",33,33,113/06/26,統一,"1,000","168,300,000","293,967",1.73,
389,113/06/17,富野,2736,上櫃增資,113/06/11,113/06/13,"850,000","850,000",20,20,113/06/25,元富,"1,000","17,000,000","147,749",0.57,
390,113/06/17,力致,3483,上櫃增資,113/06/11,113/06/13,"266,000","266,000",123,123,113/06/25,永豐金,"1,000","32,718,000","228,084",0.11,
391,113/06/14,正達,3149,上市增資,113/06/07,113/06/12,"3,400,000","3,400,000",19.6,19.6,113/06/24,統一,"1,000","66,640,000","169,193",2,
392,113/06/13,KKT-KY,6950,第一上市公司初上市,113/06/06,113/06/11,"1,845,000","4,613,000",88,---,113/06/19,統一,"1,000",---,0,0,取消申購
393,113/06/13,雲豹能源-創,6869,創新板轉列上市,113/06/06,113/06/11,"2,040,000","2,040,000",111,111,113/06/19,元富,"1,000","226,440,000","97,309",2.09,
394,113/06/12,共信-KY,6617,第一上櫃公司初上櫃,113/06/05,113/06/07,"2,650,000","2,650,000",141.16,141.16,113/06/18,台新,"1,000","374,074,000","100,410",2.63,
395,113/06/12,醫影,6637,初上櫃,113/06/05,113/06/07,"486,000","486,000",66,66,113/06/18,富邦,"1,000","32,076,000","206,683",0.23,
396,113/06/06,大武山,6952,初上市,113/05/31,113/06/04,"1,417,000","1,417,000",57.13,57.13,113/06/13,台新,"1,000","80,953,210","156,995",0.9,
397,113/06/05,來億-KY,6890,第一上市公司初上市,113/05/30,113/06/03,"5,098,000","5,098,000",85,85,113/06/12,富邦,"1,000","433,330,000","112,030",4.55,
398,113/06/05,巨漢,6903,初上櫃,113/05/30,113/06/03,"1,193,000","1,193,000",151,151,113/06/12,富邦,"1,000","180,143,000","162,871",0.73,
399,113/05/29,德微,3675,上櫃增資,113/05/23,113/05/27,"383,000","383,000",248.9,248.9,113/06/06,國票,"1,000","95,328,700","141,522",0.27,
400,113/05/15,潤德,6881,初上櫃,113/05/09,113/05/13,"255,000","255,000",165,165,113/05/21,第一金,"1,000","42,075,000","196,262",0.12,
401,113/05/14,錸寶,8104,上市增資,113/05/08,113/05/10,"1,445,000","1,445,000",30,30,113/05/22,福邦,"1,000","43,350,000","46,135",3.13,
402,113/05/13,麗豐-KY,4137,第一上市公司現金增資,113/05/07,113/05/09,"255,000","255,000",156,156,113/05/21,富邦,"1,000","39,780,000","80,734",0.31,
403,113/05/10,攸泰科技,6928,初上市,113/05/06,113/05/08,"1,980,000","1,980,000",65,65,113/05/16,福邦,"1,000","128,700,000","313,271",0.63,
404,113/05/07,巧新,1563,初上市,113/04/30,113/05/03,"4,050,000","4,050,000",70,70,113/05/13,凱基,"1,000","283,500,000","245,487",1.64,
405,113/05/07,家碩,6953,初上櫃,113/04/30,113/05/03,"462,000","462,000",216.8,216.8,113/05/13,元大,"1,000","100,161,600","173,626",0.26,
406,113/05/03,有成精密,4949,初上市,113/04/26,113/04/30,"1,044,000","1,044,000",24,24,113/05/09,福邦,"1,000","25,056,000","230,055",0.45,
407,113/04/26,阜爾運通,6914,初上市,113/04/22,113/04/24,"1,119,000","1,119,000",132,132,113/05/03,中國信託,"1,000","147,708,000","234,034",0.47,
408,113/04/12,泰福-KY,6541,第一上市公司現金增資,113/04/08,113/04/10,"2,700,000","2,700,000",48,48,113/04/22,元富,"1,000","129,600,000","22,537",11.98,
409,113/03/29,創為精密,6899,初上櫃,113/03/25,113/03/27,"752,000","752,000",50,50,113/04/08,凱基,"1,000","37,600,000","283,152",0.26,
410,113/03/26,智原,3035,上市增資,113/03/20,113/03/22,"1,020,000","1,020,000",310,310,113/04/03,宏遠,"1,000","316,200,000","109,070",0.93,
411,113/03/26,中裕,4147,上櫃增資,113/03/20,113/03/22,"1,700,000","1,700,000",82,82,113/04/03,元富,"1,000","139,400,000","84,269",2.01,
412,113/03/25,愛山林,2540,上市增資,113/03/19,113/03/21,"2,125,000","2,125,000",80,80,113/04/02,國泰,"1,000","170,000,000","186,233",1.14,
413,113/03/22,佑全,6929,初上櫃,113/03/18,113/03/20,"726,000","726,000",65.01,65.01,113/03/28,台新,"1,000","47,197,260","316,382",0.22,
414,113/03/20,眾福科,3168,初上市,113/03/14,113/03/18,"1,566,000","1,566,000",50,50,113/03/26,福邦,"1,000","78,300,000","266,461",0.58,
415,113/03/20,國邑*,6875,初上櫃,113/03/14,113/03/18,"2,306,000","2,306,000",65,65,113/03/26,國泰,"1,000","149,890,000","321,612",0.71,
416,113/03/20,立德,3058,上市增資,113/03/14,113/03/18,"3,060,000","3,060,000",15,15,113/03/28,永豐金,"1,000","45,900,000","200,449",1.52,
417,113/03/19,保綠KY,8423,第一上櫃公司現金增資,113/03/13,113/03/15,"1,063,000","1,063,000",16,16,113/03/27,元富,"1,000","17,008,000","280,193",0.37,
418,113/03/14,嘉基,6715,上市增資,113/03/08,113/03/12,"255,000","255,000",130,130,113/03/22,中國信託,"1,000","33,150,000","282,034",0.09,
419,113/03/14,米斯特,2941,初上櫃,113/03/08,113/03/12,"262,000","262,000",78,78,113/03/20,國泰,"1,000","20,436,000","191,891",0.13,
420,113/03/12,安倉,5548,初上櫃,113/03/06,113/03/08,"629,000","629,000",20,20,113/03/18,福邦,"1,000","12,580,000","340,703",0.18,
421,113/03/12,萬年清,6624,上櫃增資,113/03/06,113/03/08,"245,000","245,000",35,35,113/03/20,玉山,"1,000","8,575,000","174,280",0.14,
422,113/03/12,望隼,4771,初上市,113/03/06,113/03/08,"1,085,000","1,085,000",180,180,113/03/18,凱基,"1,000","195,300,000","354,533",0.3,
423,113/03/08,亞翔,6139,上市增資,113/03/04,113/03/06,"595,000","595,000",115,115,113/03/18,統一,"1,000","68,425,000","364,483",0.16,
424,113/03/04,諾貝兒,6844,初上櫃,113/02/26,113/02/29,"538,000","538,000",170,170,113/03/08,台新,"1,000","91,460,000","198,096",0.27,
425,113/03/04,IKKA-KY,2250,第一上市公司現金增資,113/02/26,113/02/29,"155,000","155,000",60,60,113/03/12,凱基,"1,000","9,300,000","253,016",0.06,
426,113/02/29,光聖,6442,上市增資,113/02/22,113/02/26,"791,000","791,000",57,57,113/03/08,台新,"1,000","45,087,000","574,682",0.13,
427,113/02/29,高雄銀,2836,上市增資,113/02/22,113/02/26,"42,500,000","42,500,000",10.7,10.7,113/03/08,富邦,"5,000","454,750,000","154,007",5.51,
428,113/02/27,日勝生,2547,上市增資,113/02/21,113/02/23,"6,375,000","6,375,000",8.7,8.7,113/03/07,國票,"1,000","55,462,500","77,995",8.17,
429,113/02/26,華鎂鑫,8087,上櫃增資,113/02/20,113/02/22,"765,000","765,000",40,40,113/03/06,國泰,"1,000","30,600,000","257,317",0.29,
430,113/02/22,鉅祥,2476,上市增資,113/02/16,113/02/20,"1,275,000","1,275,000",58,58,113/03/04,中國信託,"1,000","73,950,000","308,422",0.41,
431,113/02/21,易威,1799,上櫃增資,113/02/15,113/02/19,"510,000","510,000",28.6,28.6,113/03/01,第一金,"1,000","14,586,000","320,586",0.15,
432,113/02/21,立康,6242,上櫃增資,113/02/15,113/02/19,"425,000","425,000",45,45,113/03/01,玉山,"1,000","19,125,000","148,141",0.28,
433,113/02/21,穩得,6761,上櫃增資,113/02/15,113/02/19,"425,000","425,000",52.5,52.5,113/03/01,富邦,"1,000","22,312,500","260,814",0.16,
434,113/01/29,進能服,6692,初上櫃,113/01/23,113/01/25,"1,818,000","1,818,000",30,30,113/02/02,統一,"1,000","54,540,000","125,643",1.44,
435,113/01/26,嘉聯益,6153,上市增資,113/01/22,113/01/24,"3,400,000","3,400,000",18,18,113/02/05,宏遠,"1,000","61,200,000","123,478",2.75,
436,113/01/23,耀登,3138,上市增資,113/01/17,113/01/19,"298,000","298,000",120,120,113/01/31,國票,"1,000","35,760,000","182,029",0.16,
437,113/01/23,鉅陞,5529,上櫃增資,113/01/17,113/01/19,"1,530,000","1,530,000",13.7,13.7,113/01/31,國泰,"1,000","20,961,000","226,196",0.67,
438,113/01/23,玖鼎電力,4588,初上市,113/01/17,113/01/19,"663,000","663,000",45.88,45.88,113/01/29,富邦,"1,000","30,418,440","302,244",0.21,
439,113/01/23,兆豐金,2886,上市增資,113/01/17,113/01/19,"30,625,000","30,625,000",33,33,113/01/31,元大,"1,000","1,010,625,000","527,357",5.8,
440,113/01/18,昱展新藥,6785,初上櫃,113/01/12,113/01/16,"1,764,000","1,764,000",150,150,113/01/24,中國信託,"1,000","264,600,000","211,707",0.83,
441,113/01/18,力麗店,5364,上櫃增資,113/01/12,113/01/16,"1,700,000","1,700,000",19,19,113/01/26,兆豐,"1,000","32,300,000","65,387",2.59,
442,113/01/18,世界健身-KY,2762,第一上市公司初上市,113/01/12,113/01/16,"2,350,000","2,350,000",132,132,113/01/24,永豐金,"1,000","310,200,000","70,458",3.33,
443,113/01/17,百和興業-KY,8404,第一上市公司現金增資,113/01/11,113/01/15,"5,865,000","5,865,000",18,18,113/01/25,中國信託,"1,000","105,570,000","33,763",17.37,
444,113/01/10,吉源-KY,8488,第一上市公司現金增資,113/01/04,113/01/08,"510,000","510,000",15.5,15.5,113/01/18,玉山,"1,000","7,905,000","44,322",1.15,
445,113/01/09,現觀科,6906,初上市,113/01/03,113/01/05,"566,000","566,000",118,118,113/01/15,台新,"1,000","66,788,000","282,407",0.2,
446,113/01/04,台船,2208,上市增資,112/12/28,113/01/02,"19,125,000","19,125,000",17.5,17.5,113/01/12,凱基,"1,000","334,687,500","195,890",9.76,
447,113/01/04,文曄,3036,上市增資,112/12/28,113/01/02,"11,475,000","11,475,000",95,95,113/01/12,元大,"1,000","1,090,125,000","271,075",4.23,
448,112/12/25,御頂,3522,上櫃增資,112/12/19,112/12/21,"1,700,000","1,700,000",16.5,16.5,113/01/03,兆豐,"1,000","28,050,000","147,065",1.15,
449,112/12/22,同泰,3321,上市增資,112/12/18,112/12/20,"2,550,000","2,550,000",11,11,113/01/02,富邦,"1,000","28,050,000","172,243",1.48,
450,112/12/20,綠河-KY,8444,第一上櫃公司現金增資,112/12/14,112/12/18,"1,045,000","1,045,000",33,33,112/12/28,統一,"1,000","34,485,000","86,729",1.2,
451,112/12/15,國喬,1312,上市增資,112/12/11,112/12/13,"17,000,000","17,000,000",14.2,14.2,112/12/25,台新,"2,000","241,400,000","87,778",9.68,
452,112/12/15,金萬林,6645,創新板初上市,112/12/11,112/12/13,"804,000","804,000",30,30,112/12/21,華南永昌,"1,000","24,120,000","14,220",5.65,
453,112/12/14,寶徠,1805,上市增資,112/12/08,112/12/12,"2,850,000","2,850,000",11,11,112/12/22,台中銀,"1,000","31,350,000","66,921",4.25,
454,112/12/14,三商電,2427,上市增資,112/12/08,112/12/12,"1,063,000","1,063,000",23,23,112/12/22,台新,"1,000","24,449,000","149,489",0.71,
455,112/12/13,華星光,4979,上櫃增資,112/12/07,112/12/11,"723,000","723,000",139,139,112/12/21,富邦,"1,000","100,497,000","227,823",0.31,
456,112/12/12,台揚,2314,上市增資,112/12/06,112/12/08,"1,190,000","1,190,000",28.5,28.5,112/12/20,台新,"1,000","33,915,000","307,400",0.38,
457,112/12/11,欣新網,2949,初上櫃,112/12/05,112/12/07,"574,000","574,000",90,90,112/12/15,台新,"1,000","51,660,000","311,777",0.18,
458,112/12/08,亞通,6179,上櫃增資,112/12/04,112/12/06,"850,000","850,000",25,25,112/12/18,兆豐,"1,000","21,250,000","89,383",0.95,
459,112/12/08,艾姆勒,2241,上市增資,112/12/04,112/12/06,"1,275,000","1,275,000",28.5,28.5,112/12/18,元大,"1,000","36,337,500","118,778",1.07,
460,112/12/06,寶陞,2948,初上櫃,112/11/30,112/12/04,"754,000","754,000",72,72,112/12/12,兆豐,"1,000","54,288,000","192,678",0.39,
461,112/12/06,天虹,6937,初上市,112/11/30,112/12/04,"1,256,000","1,256,000",115,115,112/12/12,元大,"1,000","144,440,000","380,547",0.33,
462,112/12/05,三商壽,2867,上市增資,112/11/29,112/12/01,"45,000,000","45,000,000",5,5,112/12/13,華南永昌,"5,000","225,000,000","20,055",44.87,
463,112/12/01,富旺,6219,上櫃增資,112/11/27,112/11/29,"2,125,000","2,125,000",17.15,17.15,112/12/11,統一,"1,000","36,443,750","190,876",1.11,
464,112/11/29,澤米,6742,初上市,112/11/23,112/11/27,"1,219,000","1,219,000",48,48,112/12/05,中國信託,"1,000","58,512,000","226,946",0.53,
465,112/11/29,伯鑫,6904,初上櫃,112/11/23,112/11/27,"340,000","340,000",81,81,112/12/05,國泰,"1,000","27,540,000","257,988",0.13,
466,112/11/29,華凌,6916,初上市,112/11/23,112/11/27,"1,650,000","1,650,000",24,24,112/12/05,元大,"1,000","39,600,000","202,161",0.81,
467,112/11/28,家登,3680,上櫃增資,112/11/22,112/11/24,"493,000","493,000",300,300,112/12/06,統一,"1,000","147,900,000","146,390",0.33,
468,112/11/28,寬宏藝術,6596,上櫃增資,112/11/22,112/11/24,"255,000","255,000",40,40,112/12/06,福邦,"1,000","10,200,000","144,408",0.17,
469,112/11/27,致和證,5864,上櫃增資,112/11/21,112/11/23,"3,630,000","3,630,000",12.9,12.9,112/12/05,統一,"2,000","46,827,000","199,442",0.91,
470,112/11/27,啟碁,6285,上市增資,112/11/21,112/11/23,"3,400,000","3,400,000",106,106,112/12/05,凱基,"1,000","360,400,000","337,638",1,
471,112/11/27,威宏-KY,8442,第一上市公司現金增資,112/11/21,112/11/23,"383,000","383,000",78,78,112/12/05,富邦,"1,000","29,874,000","107,867",0.35,
472,112/11/23,衛司特,6894,初上櫃,112/11/17,112/11/21,"627,000","627,000",106,106,112/11/29,兆豐,"1,000","66,462,000","285,368",0.21,
473,112/11/23,竣邦-KY,4442,第一上櫃公司初上櫃,112/11/17,112/11/21,"954,000","954,000",22,22,112/11/29,台新,"1,000","20,988,000","84,192",1.13,
474,112/11/21,晶呈科技,4768,上櫃增資,112/11/15,112/11/17,"366,000","366,000",130,130,112/11/29,國票,"1,000","47,580,000","239,959",0.15,
475,112/11/20,昇陽半導體,8028,上市增資,112/11/14,112/11/16,"1,800,000","1,800,000",45,45,112/11/28,富邦,"1,000","81,000,000","174,317",1.03,
476,112/11/15,華懋,5292,初上市,112/11/09,112/11/13,"820,000","820,000",68,68,112/11/21,群益金鼎,"1,000","55,760,000","319,387",0.25,
477,112/11/07,遠雄港,5607,上市增資,112/11/01,112/11/03,"2,975,000","2,975,000",40,40,112/11/15,元富,"1,000","119,000,000","177,194",1.67,
478,112/11/07,奈米醫材,6612,上櫃增資,112/11/01,112/11/03,"425,000","425,000",120,120,112/11/15,永豐金,"1,000","51,000,000","49,107",0.86,
479,112/11/06,華邦電,2344,上市增資,112/10/31,112/11/02,"17,000,000","17,000,000",22,22,112/11/14,中國信託,"1,000","374,000,000","171,517",9.91,
480,112/11/03,特昇-KY,6616,第一上櫃公司現金增資,112/10/30,112/11/01,"375,000","375,000",12,12,112/11/13,第一金,"1,000","4,500,000","23,910",1.56,
481,112/11/03,花王,8906,上櫃增資,112/10/30,112/11/01,"900,000","900,000",14,14,112/11/13,福邦,"1,000","12,600,000","80,587",1.11,
482,112/11/03,瑞築,6198,上櫃增資,112/10/30,112/11/01,"850,000","850,000",22.9,22.9,112/11/13,台新,"1,000","19,465,000","106,179",0.8,
483,112/11/03,富世達,6805,初上市,112/10/30,112/11/01,"1,477,000","1,477,000",200,200,112/11/09,台新,"1,000","295,400,000","168,298",0.87,
484,112/11/03,宸曜,6922,初上櫃,112/10/30,112/11/01,"426,000","426,000",82,82,112/11/09,凱基,"1,000","34,932,000","150,377",0.28,
485,112/11/02,AMAX-KY,6933,第一上市公司初上市,112/10/27,112/10/31,"959,000","959,000",96,96,112/11/08,中國信託,"1,000","92,064,000","64,513",1.48,
486,112/11/01,台通,8011,上市增資,112/10/26,112/10/30,"1,700,000","1,700,000",16.3,16.3,112/11/09,元富,"1,000","27,710,000","47,837",3.55,
487,112/11/01,旭富,4119,上市增資,112/10/26,112/10/30,"1,020,000","1,020,000",80,80,112/11/09,台新,"1,000","81,600,000","109,077",0.93,
488,112/10/31,上詮,3363,上櫃增資,112/10/25,112/10/27,"850,000","850,000",52.8,52.8,112/11/08,台新,"1,000","44,880,000","235,458",0.36,
489,112/10/27,聯策,6658,初上市,112/10/23,112/10/25,"884,000","884,000",28,28,112/11/02,元富,"1,000","24,752,000","314,110",0.28,
490,112/10/24,飛宏,2457,上市增資,112/10/18,112/10/20,"4,760,000","4,760,000",49.8,49.8,112/11/01,凱基,"1,000","237,048,000","167,952",2.83,
491,112/10/23,杏國,4192,上櫃增資,112/10/17,112/10/19,"397,000","397,000",34,34,112/10/31,國票,"1,000","13,498,000","69,260",0.57,
492,112/10/23,益得,6461,上櫃增資,112/10/17,112/10/19,"1,700,000","1,700,000",23,23,112/10/31,台新,"1,000","39,100,000","45,282",3.75,
493,112/10/23,鑫傳,6856,初上櫃,112/10/17,112/10/19,"856,000","856,000",65,65,112/10/27,台新,"1,000","55,640,000","136,034",0.62,
494,112/10/13,達發,6526,初上市,112/10/05,112/10/11,"3,537,000","3,537,000",434.84,434.84,112/10/19,凱基,"1,000","1,538,029,080","200,985",1.75,
495,112/10/05,百達-KY,2236,上市增資,112/09/28,112/10/03,"255,000","255,000",58,58,112/10/17,台新,"1,000","14,790,000","208,335",0.12,
496,112/10/03,捷迅,2643,上櫃增資,112/09/26,112/09/28,"425,000","425,000",60,60,112/10/13,群益金鼎,"1,000","25,500,000","125,251",0.33,
497,112/09/27,訊映,4155,上市增資,112/09/21,112/09/25,"1,080,000","1,080,000",22.5,22.5,112/10/06,富邦,"1,000","24,300,000","180,969",0.59,
498,112/09/20,官田鋼鐵,2017,上市增資,112/09/14,112/09/18,"5,950,000","5,950,000",11.7,11.7,112/09/28,統一,"2,000","69,615,000","277,922",1.07,
499,112/09/20,威剛,3260,上櫃增資,112/09/14,112/09/18,"2,550,000","2,550,000",62,62,112/09/28,玉山,"1,000","158,100,000","455,128",0.56,
500,112/09/20,朋程,8255,上櫃增資,112/09/14,112/09/18,"850,000","850,000",155,155,112/09/28,元大,"1,000","131,750,000","163,133",0.52,
501,112/09/15,康普,4739,上市增資,112/09/11,112/09/13,"1,022,000","1,022,000",68,68,112/09/25,福邦,"1,000","69,496,000","90,267",1.13,
502,112/09/14,三商,2905,上市增資,112/09/08,112/09/12,"17,000,000","17,000,000",12.5,12.5,112/09/22,華南永昌,"2,000","212,500,000","71,444",11.89,
503,112/09/13,鑽石生技,6901,初上市,112/09/07,112/09/11,"17,000,000","17,000,000",40,40,112/09/19,華南永昌,"1,000","680,000,000","390,242",4.35,
504,112/09/12,上曜,1316,上市增資,112/09/06,112/09/08,"5,400,000","5,400,000",10,10,112/09/20,元富,"1,000","54,000,000","30,336",17.8,
505,112/09/08,晉弘,6796,上市增資,112/09/04,112/09/06,"107,000","107,000",85,85,112/09/18,福邦,"1,000","9,095,000","213,859",0.05,
506,112/09/08,騰雲,6870,初上櫃,112/09/04,112/09/06,"554,000","554,000",128,128,112/09/14,福邦,"1,000","70,912,000","217,394",0.25,
507,112/09/08,佳邦,6284,上櫃增資,112/09/04,112/09/06,"748,000","748,000",45,45,112/09/18,台新,"1,000","33,660,000","224,811",0.33,
508,112/09/07,加百裕,3323,上櫃增資,112/09/01,112/09/05,"680,000","680,000",26.4,26.4,112/09/15,兆豐,"1,000","17,952,000","89,507",0.75,
509,112/09/04,晶碩,6491,上市增資,112/08/29,112/08/31,"680,000","680,000",310,310,112/09/12,富邦,"1,000","210,800,000","119,183",0.57,
510,112/09/01,立凱-KY,5227,第一上櫃公司現金增資,112/08/28,112/08/30,"1,105,000","1,105,000",43,43,112/09/11,康和,"1,000","47,515,000","112,295",0.98,
511,112/08/30,正德,2641,上櫃增資,112/08/24,112/08/28,"2,550,000","2,550,000",14.2,14.2,112/09/07,台中銀,"1,000","36,210,000","53,526",4.76,
512,112/08/30,至上,8112,上市增資,112/08/24,112/08/28,"5,950,000","5,950,000",38,38,112/09/07,永豐金,"1,000","226,100,000","359,503",1.65,
513,112/08/25,明係,6804,上櫃增資,112/08/21,112/08/23,"425,000","425,000",53,53,112/09/04,兆豐,"1,000","22,525,000","129,759",0.32,
514,112/08/24,光環,3234,上櫃增資,112/08/18,112/08/22,"1,700,000","1,700,000",18,18,112/09/01,國票,"1,000","30,600,000","286,399",0.59,
515,112/08/24,和潤企業乙特,6592B,上市增資,112/08/18,112/08/22,"4,750,000","4,750,000",100,100,112/09/01,台新,"1,000","475,000,000","21,176",22.43,
516,112/08/21,建碁,3046,上市增資,112/08/15,112/08/17,"595,000","595,000",68,68,112/08/29,台新,"1,000","40,460,000","15,116",3.93,
517,112/08/16,宏碩系統,6895,初上櫃,112/08/10,112/08/14,"577,000","577,000",100,100,112/08/22,兆豐,"1,000","57,700,000","284,682",0.2,
518,112/08/16,材料-KY,4763,第一上市公司現金增資,112/08/10,112/08/14,"340,000","340,000",531,531,112/08/24,國票,"1,000","180,540,000","187,635",0.18,
519,112/08/10,迅得,6438,上市增資,112/08/04,112/08/08,"328,000","328,000",93,93,112/08/18,凱基,"1,000","30,504,000","152,996",0.21,
520,112/08/08,網家,8044,上櫃增資,112/08/02,112/08/04,"1,360,000","1,360,000",40.1,40.1,112/08/16,中國信託,"1,000","54,536,000","101,403",1.34,
521,112/08/08,精剛,1584,上櫃增資,112/08/02,112/08/04,"3,400,000","3,400,000",30,30,112/08/16,凱基,"1,000","102,000,000","130,300",2.6,
522,112/08/02,四維航,5608,上市增資,112/07/27,112/07/31,"1,700,000","1,700,000",18,18,112/08/11,永豐金,"1,000","30,600,000","82,989",2.04,
523,112/08/01,大眾控,3701,上市增資,112/07/26,112/07/28,"850,000","850,000",50,50,112/08/09,台中銀,"1,000","42,500,000","202,032",0.42,
524,112/08/01,進泰電子,3465,上櫃增資,112/07/26,112/07/28,"255,000","255,000",74.5,74.5,112/08/09,富邦,"1,000","18,997,500","112,627",0.22,
525,112/07/31,智聯服務,6751,上櫃增資,112/07/25,112/07/27,"187,000","187,000",90,90,112/08/08,福邦,"1,000","16,830,000","179,624",0.1,
526,112/07/28,元晶,6443,上市增資,112/07/24,112/07/26,"3,106,000","3,106,000",27.1,27.1,112/08/07,元大,"1,000","84,172,600","193,152",1.6,
527,112/07/27,亞航,2630,上市增資,112/07/21,112/07/25,"3,230,000","3,230,000",35,35,112/08/04,台新,"1,000","113,050,000","380,679",0.84,
528,112/07/25,六方科-KY,4569,第一上市公司初上市,112/07/19,112/07/21,"920,000","920,000",66,66,112/07/31,宏遠,"1,000","60,720,000","130,172",0.7,
529,112/07/24,強生製藥,4747,上櫃增資,112/07/18,112/07/20,"850,000","850,000",48,48,112/08/01,統一,"1,000","40,800,000","540,422",0.15,
530,112/07/24,崇越,5434,上市增資,112/07/18,112/07/20,"595,000","595,000",150,150,112/08/01,福邦,"1,000","89,250,000","199,598",0.29,
531,112/07/21,閎康,3587,上櫃增資,112/07/17,112/07/19,"340,000","340,000",175,175,112/07/31,元大,"1,000","59,500,000","270,570",0.12,
532,112/07/20,緯軟,4953,上櫃增資,112/07/14,112/07/18,"468,000","468,000",92,92,112/07/28,凱基,"1,000","43,056,000","357,938",0.13,
533,112/07/18,康舒,6282,上市增資,112/07/12,112/07/14,"17,000,000","17,000,000",38.8,38.8,112/07/26,凱基,"1,000","659,600,000","541,886",3.13,
534,112/07/11,亞昕,5213,上櫃增資,112/07/05,112/07/07,"4,250,000","4,250,000",24,24,112/07/19,合庫,"1,000","102,000,000","62,828",6.76,
535,112/07/07,日友,8341,上市增資,112/07/03,112/07/05,"1,573,000","1,573,000",120,120,112/07/17,第一金,"1,000","188,760,000","260,540",0.6,
536,112/06/27,裕隆,2201,上市增資,112/06/19,112/06/21,"5,950,000","5,950,000",68,68,112/07/05,凱基,"1,000","404,600,000","468,772",1.26,
537,112/06/20,逸達,6576,上櫃增資,112/06/14,112/06/16,"1,488,000","1,488,000",75,75,112/06/30,凱基,"1,000","111,600,000","114,567",1.29,
538,112/06/19,天宇,8171,上櫃增資,112/06/13,112/06/15,"850,000","850,000",42,42,112/06/29,福邦,"1,000","35,700,000","117,727",0.72,
539,112/06/16,健喬,4114,上櫃增資,112/06/12,112/06/14,"2,125,000","2,125,000",38,38,112/06/28,國票,"1,000","80,750,000","219,368",0.96,
540,112/06/15,雄順,2073,初上櫃,112/06/09,112/06/13,"525,000","525,000",22,22,112/06/21,永豐金,"1,000","11,550,000","398,272",0.13,
541,112/06/14,岱宇,1598,上市增資,112/06/08,112/06/12,"2,160,000","2,160,000",33,33,112/06/26,統一,"1,000","71,280,000","251,597",0.85,
542,112/06/12,鏵友益,6877,初上櫃,112/06/06,112/06/08,"672,000","672,000",22,22,112/06/16,元大,"1,000","14,784,000","482,613",0.13,
543,112/06/09,耀勝,3207,上櫃增資,112/06/05,112/06/07,"595,000","595,000",60,60,112/06/19,統一,"1,000","35,700,000","268,052",0.22,
544,112/06/06,華安,6657,初上市,112/05/31,112/06/02,"1,722,000","1,722,000",42.12,42.12,112/06/12,中國信託,"1,000","72,530,640","432,499",0.39,
545,112/06/01,台汽電,8926,上市增資,112/05/26,112/05/30,"8,500,000","8,500,000",30.31,30.31,112/06/09,台新,"1,000","257,635,000","762,572",1.11,
546,112/05/17,廣錠,6441,上櫃增資,112/05/11,112/05/15,"850,000","850,000",45,45,112/05/25,第一金,"1,000","38,250,000","191,053",0.44,
547,112/05/16,聯寶,6821,初上櫃,112/05/10,112/05/12,"828,000","828,000",30,30,112/05/22,康和,"1,000","24,840,000","342,949",0.24,
548,112/05/12,南俊國際,6584,初上櫃,112/05/08,112/05/10,"1,417,000","1,417,000",36,36,112/05/18,凱基,"1,000","51,012,000","515,420",0.27,
549,112/05/09,綠茵生技,6846,初上櫃,112/05/03,112/05/05,"464,000","464,000",68,68,112/05/15,福邦,"1,000","31,552,000","380,230",0.12,
550,112/05/09,貿聯-KY,3665,第一上市公司現金增資,112/05/03,112/05/05,"425,000","425,000",230,230,112/05/17,元大,"1,000","97,750,000","111,763",0.38,
551,112/05/05,桓鼎-KY,5543,第一上櫃公司現金增資,112/04/28,112/05/03,"170,000","170,000",45,45,112/05/15,國票,"1,000","7,650,000","64,990",0.26,
552,112/04/24,玉山金,2884,上市增資,112/04/18,112/04/20,"68,000,000","68,000,000",20,20,112/05/03,福邦,"2,000","1,360,000,000","1,129,016",3.01,
553,112/04/21,長園科,8038,上櫃增資,112/04/17,112/04/19,"255,000","255,000",33.5,33.5,112/05/02,元富,"1,000","8,542,500","444,761",0.05,
554,112/04/18,泰福-KY,6541,第一上市公司現金增資,112/04/12,112/04/14,"1,360,000","1,360,000",75,75,112/04/26,元富,"1,000","102,000,000","35,493",3.83,
555,112/04/12,奇鋐,3017,上市增資,112/04/06,112/04/10,"2,550,000","2,550,000",95,95,112/04/20,富邦,"1,000","242,250,000","501,189",0.5,
556,112/03/30,杏昌,1788,上櫃增資,112/03/24,112/03/28,"340,000","340,000",125,125,112/04/12,元富,"1,000","42,500,000","159,399",0.21,
557,112/03/30,嘉澤,3533,上市增資,112/03/24,112/03/28,"298,000","298,000",660,660,112/04/12,元大,"1,000","196,680,000","194,536",0.15,
558,112/03/27,元翎,4564,上市增資,112/03/21,112/03/23,"1,700,000","1,700,000",20,20,112/04/07,福邦,"1,000","34,000,000","208,078",0.81,
559,112/03/24,福邦證,6026,上櫃增資,112/03/20,112/03/22,"3,600,000","3,600,000",10,10,112/04/06,台中銀,"1,000","36,000,000","27,180",13.24,
560,112/03/24,愛山林,2540,上市增資,112/03/20,112/03/22,"2,040,000","2,040,000",72,72,112/04/06,永豐金,"1,000","146,880,000","44,327",4.6,
561,112/03/22,雷虎,8033,上市增資,112/03/16,112/03/20,"850,000","850,000",36,36,112/03/30,福邦,"1,000","30,600,000","390,028",0.21,
562,112/03/21,三商壽,2867,上市增資,112/03/15,112/03/17,"45,000,000","45,000,000",5.05,5.05,112/03/29,華南永昌,"5,000","227,250,000","15,362",58.58,
563,112/03/21,睿生光電,6861,初上市,112/03/15,112/03/17,"912,000","912,000",70,70,112/03/27,元大,"1,000","63,840,000","452,124",0.2,
564,112/03/20,建德工業,6606,初上市,112/03/14,112/03/16,"2,806,000","2,806,000",19,19,112/03/24,元富,"1,000","53,314,000","471,132",0.59,
565,112/03/20,東研信超,6840,初上櫃,112/03/14,112/03/16,"489,000","489,000",68,68,112/03/24,永豐金,"1,000","33,252,000","292,651",0.16,
566,112/03/16,崧騰,3484,上櫃增資,112/03/10,112/03/14,"493,000","493,000",37,37,112/03/24,凱基,"1,000","18,241,000","220,129",0.22,
567,112/03/15,成霖,9934,上市增資,112/03/09,112/03/13,"4,250,000","4,250,000",11.75,11.75,112/03/23,台新,"2,000","49,937,500","95,925",2.21,
568,112/03/15,鴻碩,3092,上市增資,112/03/09,112/03/13,"850,000","850,000",26.21,26.21,112/03/23,凱基,"1,000","22,278,500","400,953",0.21,
569,112/03/15,永道-KY,6863,第一上市公司初上市,112/03/09,112/03/13,"1,736,000","1,736,000",83.58,83.58,112/03/21,凱基,"1,000","145,094,880","153,091",1.13,
570,112/03/10,永豐金,2890,上市增資,112/03/06,112/03/08,"63,750,000","63,750,000",15,15,112/03/20,富邦,"5,000","956,250,000","660,379",1.93,
571,112/03/08,長榮航太,2645,初上市,112/03/02,112/03/06,"3,700,000","3,700,000",68,68,112/03/14,凱基,"1,000","251,600,000","693,549",0.53,
572,112/03/06,龍德造船,6753,初上市,112/02/24,112/03/02,"1,805,000","1,805,000",30,30,112/03/10,兆豐,"1,000","54,150,000","953,311",0.18,
573,112/03/02,利機,3444,上櫃增資,112/02/22,112/02/24,"425,000","425,000",50,50,112/03/10,永豐金,"1,000","21,250,000","246,576",0.17,
574,112/03/01,宇智,6470,上櫃增資,112/02/21,112/02/23,"425,000","425,000",45,45,112/03/09,台新,"1,000","19,125,000","326,054",0.13,
575,112/02/21,長佳智能,6841,初上櫃,112/02/15,112/02/17,"2,114,000","2,114,000",57.6,57.6,112/03/01,元富,"1,000","121,766,400","460,112",0.45,
576,112/02/21,晶焱,6411,上櫃增資,112/02/15,112/02/17,"425,000","425,000",63,63,112/03/03,康和,"1,000","26,775,000","525,253",0.08,
577,112/02/16,博晟生醫,6733,上櫃增資,112/02/10,112/02/14,"1,700,000","1,700,000",20,20,112/02/24,元富,"1,000","34,000,000","117,814",1.44,
578,112/02/14,雄獅,2731,上市增資,112/02/08,112/02/10,"850,000","850,000",85,85,112/02/22,台新,"1,000","72,250,000","406,217",0.2,
579,112/02/09,宏旭-KY,2243,第一上市公司現金增資,112/02/03,112/02/07,"1,800,000","1,800,000",14,14,112/02/17,統一,"2,000","25,200,000","146,908",0.61,
580,112/02/07,五福,2745,上櫃增資,112/02/01,112/02/03,"405,000","405,000",30,30,112/02/15,台新,"1,000","12,150,000","177,013",0.22,
581,112/02/06,台境,8476,上櫃增資,112/01/31,112/02/02,"510,000","510,000",50,50,112/02/14,台新,"1,000","25,500,000","200,422",0.25,
582,112/01/11,越峰,8121,上櫃增資,112/01/05,112/01/09,"2,550,000","2,550,000",20,20,112/01/31,凱基,"1,000","51,000,000","164,551",1.54,
583,112/01/05,偉康,6865,初上櫃,111/12/29,112/01/03,"251,000","251,000",58,58,112/01/11,日盛,"1,000","14,558,000","230,357",0.1,
584,112/01/03,常珵,8097,上櫃增資,111/12/27,111/12/29,"1,020,000","1,020,000",46,46,112/01/11,福邦,"1,000","46,920,000","236,137",0.43,
585,111/12/27,虹光,2380,上市增資,111/12/21,111/12/23,"1,700,000","1,700,000",10,10,112/01/05,元富,"1,000","17,000,000","82,882",2.05,
586,111/12/27,眾達-KY,4977,第一上市公司現金增資,111/12/21,111/12/23,"850,000","850,000",93,93,112/01/05,凱基,"1,000","79,050,000","63,582",1.33,
587,111/12/23,天擎,6708,初上櫃,111/12/19,111/12/21,"680,000","680,000",28,28,111/12/29,凱基,"1,000","19,040,000","430,679",0.15,
588,111/12/22,易飛網,2734,上櫃增資,111/12/16,111/12/20,"425,000","425,000",19,19,111/12/30,凱基,"1,000","8,075,000","288,471",0.14,
589,111/12/22,國泰金,2882,上市增資,111/12/16,111/12/20,"127,500,000","127,500,000",35,35,111/12/30,凱基,"2,000","4,462,500,000","563,910",11.3,
590,111/12/21,榮成,1909,上市增資,111/12/15,111/12/19,"4,500,000","4,500,000",14.5,14.5,111/12/29,第一金,"1,000","65,250,000","90,540",4.97,
591,111/12/21,皇將,4744,上櫃增資,111/12/15,111/12/19,"520,000","520,000",22,22,111/12/29,福邦,"1,000","11,440,000","143,924",0.36,
592,111/12/20,中再保,2851,上市增資,111/12/14,111/12/16,"17,850,000","17,850,000",15.8,15.8,111/12/28,兆豐,"1,000","282,030,000","237,081",7.52,
593,111/12/20,泰詠,6266,上櫃增資,111/12/14,111/12/16,"1,190,000","1,190,000",18,18,111/12/28,台新,"1,000","21,420,000","273,431",0.43,
594,111/12/14,巨有科技,8227,初上櫃,111/12/08,111/12/12,"867,000","867,000",42.68,42.68,111/12/20,華南永昌,"1,000","37,003,560","347,951",0.24,
595,111/12/13,台中銀,2812,上市增資,111/12/07,111/12/09,"21,250,000","21,250,000",11.75,11.75,111/12/21,凱基,"5,000","249,687,500","230,640",1.84,
596,111/12/12,上海商銀,5876,上市增資,111/12/06,111/12/08,"32,300,000","32,300,000",37,37,111/12/20,華南永昌,"1,000","1,195,100,000","407,983",7.91,
597,111/12/09,保勝光學,6517,初上櫃,111/12/05,111/12/07,"822,000","822,000",32.8,32.8,111/12/15,凱基,"1,000","26,961,600","223,760",0.36,
598,111/12/09,展達,3447,初上市,111/12/05,111/12/07,"1,736,000","1,736,000",26,26,111/12/15,元大,"1,000","45,136,000","269,373",0.64,
599,111/12/08,倍力,6874,初上櫃,111/12/02,111/12/06,"585,000","585,000",44.88,44.88,111/12/14,富邦,"1,000","26,254,800","162,966",0.35,
600,111/12/02,國票金,2889,上市增資,111/11/28,111/11/30,"27,000,000","27,000,000",10,10,111/12/12,台新,"1,000","270,000,000","189,246",14.26,
601,111/11/28,山富,2743,上櫃增資,111/11/22,111/11/24,"340,000","340,000",34,34,111/12/06,福邦,"1,000","11,560,000","181,814",0.18,
602,111/11/22,伯特光,6859,初上櫃,111/11/16,111/11/18,"545,000","545,000",102,102,111/11/28,福邦,"1,000","55,590,000","88,160",0.61,
603,111/11/22,視陽,6782,初上市,111/11/16,111/11/18,"1,906,000","1,906,000",168,168,111/11/28,元大,"1,000","320,208,000","150,780",1.26,
604,111/11/21,巨大,9921,上市增資,111/11/15,111/11/17,"1,445,000","1,445,000",162,162,111/11/29,凱基,"1,000","234,090,000","254,907",0.56,
605,111/11/16,伸興,1558,上市增資,111/11/10,111/11/14,"510,000","510,000",90,90,111/11/24,永豐金,"1,000","45,900,000","106,912",0.47,
606,111/11/16,四維航,5608,上市增資,111/11/10,111/11/14,"3,400,000","3,400,000",20,20,111/11/24,永豐金,"1,000","68,000,000","84,690",4.01,
607,111/11/15,進典,6843,初上櫃,111/11/09,111/11/11,"766,000","766,000",35,35,111/11/21,永豐金,"1,000","26,810,000","103,877",0.73,
608,111/11/08,三商壽,2867,上市增資,111/11/02,111/11/04,"90,000,000","90,000,000",5.2,5.2,111/11/16,華南永昌,"5,000","468,000,000","14,657",100,
609,111/11/08,虎門科技,6791,初上櫃,111/11/02,111/11/04,"731,000","731,000",46,46,111/11/14,富邦,"1,000","33,626,000","72,486",1,
610,111/11/04,圓裕,6835,初上市,111/10/31,111/11/02,"1,520,000","1,520,000",35.41,35.41,111/11/10,台新,"1,000","53,823,200","125,770",1.2,
611,111/11/02,昱捷,3232,上櫃增資,111/10/27,111/10/31,"850,000","850,000",21,21,111/11/10,元富,"1,000","17,850,000","75,165",1.13,
612,111/11/01,上奇,6123,上櫃增資,111/10/26,111/10/28,"383,000","383,000",49,49,111/11/09,玉山,"1,000","18,767,000","14,210",2.69,
613,111/11/01,福貞-KY,8411,第一上市公司現金增資,111/10/26,111/10/28,"3,655,000","3,655,000",12.5,12.5,111/11/09,永豐金,"1,000","45,687,500","2,112",100,
614,111/10/31,芯鼎,6695,初上市,111/10/25,111/10/27,"1,805,000","1,805,000",36.15,36.15,111/11/04,兆豐,"1,000","65,250,750","32,961",5.47,
615,111/10/28,精拓科,4951,初上櫃,111/10/24,111/10/26,"803,000","803,000",43.72,43.72,111/11/03,第一金,"1,000","35,107,160","28,855",2.78,
616,111/10/25,華孚,6235,上市增資,111/10/19,111/10/21,"1,471,000","1,471,000",28,28,111/11/02,福邦,"1,000","41,188,000","35,578",4.13,
617,111/10/17,精確,3162,上櫃增資,111/10/11,111/10/13,"1,700,000","1,700,000",42,42,111/10/25,國票,"1,000","71,400,000","12,795",13.28,
618,111/10/12,藥華藥,6446,上櫃增資,111/10/05,111/10/07,"1,420,000","1,420,000",408,408,111/10/20,元大,"1,000","579,360,000","104,150",1.36,
619,111/10/11,亞元,6109,上櫃增資,111/10/04,111/10/06,"1,020,000","1,020,000",12,12,111/10/19,元富,"1,000","12,240,000","60,469",1.68,
620,111/10/07,廷鑫,2358,上市增資,111/10/03,111/10/05,"1,020,000","1,020,000",13.5,13.5,111/10/18,合庫,"1,000","13,770,000","58,530",1.74,
621,111/10/03,匯僑,2904,上市增資,111/09/27,111/09/29,"792,000","792,000",17,17,111/10/12,元富,"1,000","13,464,000","38,110",2.07,
622,111/09/30,數泓科,6855,初上櫃,111/09/26,111/09/28,"392,000","392,000",76,76,111/10/06,台新,"1,000","29,792,000","96,673",0.4,
623,111/09/30,遠東銀,2845,上市增資,111/09/26,111/09/28,"42,520,000","42,520,000",9.62,9.62,111/10/11,凱基,"5,000","409,042,400","136,320",6.23,
624,111/09/29,君帆,4584,初上櫃,111/09/23,111/09/27,"560,000","560,000",40.57,40.57,111/10/05,凱基,"1,000","22,719,200","114,077",0.49,
625,111/09/26,潤泰全,2915,上市增資,111/09/20,111/09/22,"31,450,000","31,450,000",50,50,111/10/04,群益金鼎,"1,000","1,572,500,000","33,900",92.77,
626,111/09/16,鑫龍騰,3188,上櫃增資,111/09/12,111/09/14,"5,100,000","5,100,000",10,10,111/09/26,福邦,"2,000","51,000,000","104,366",2.44,
627,111/09/16,和潤企業甲特,6592A,上市增資,111/09/12,111/09/14,"4,750,000","4,750,000",100,100,111/09/26,台新,"1,000","475,000,000","8,661",54.84,
628,111/09/13,精剛,1584,上櫃增資,111/09/06,111/09/08,"2,550,000","2,550,000",18,18,111/09/21,兆豐,"1,000","45,900,000","21,959",11.61,
629,111/09/12,凱鈺,5468,上櫃增資,111/09/05,111/09/07,"680,000","680,000",18,18,111/09/20,台新,"1,000","12,240,000","81,952",0.82,
630,111/09/08,碩禾,3691,上櫃增資,111/09/02,111/09/06,"1,360,000","1,360,000",115,115,111/09/19,宏遠,"1,000","156,400,000","125,648",1.08,
631,111/09/06,立積,4968,上市增資,111/08/31,111/09/02,"145,000","145,000",105,105,111/09/15,台新,"1,000","15,225,000","104,815",0.13,
632,111/09/06,伊雲谷,6689,初上市,111/08/31,111/09/02,"1,760,000","1,760,000",112,112,111/09/13,台新,"1,000","197,120,000","180,901",0.97,
633,111/09/06,動力-KY,6591,第一上市公司現金增資,111/08/31,111/09/02,"170,000","170,000",36,36,111/09/15,康和,"1,000","6,120,000","97,414",0.17,
634,111/09/05,信紘科,6667,上櫃增資,111/08/30,111/09/01,"425,000","425,000",48,48,111/09/14,台新,"1,000","20,400,000","195,914",0.21,
635,111/09/05,材料-KY,4763,第一上市公司現金增資,111/08/30,111/09/01,"256,000","256,000",100,100,111/09/14,富邦,"1,000","25,600,000","112,237",0.22,
636,111/09/02,奇鈦科,3430,初上櫃,111/08/29,111/08/31,"776,000","776,000",42,42,111/09/08,中國信託,"1,000","32,592,000","166,859",0.46,
637,111/08/29,正德,2641,上櫃增資,111/08/23,111/08/25,"4,250,000","4,250,000",18.28,18.28,111/09/06,台中銀,"1,000","77,690,000","58,250",7.29,
638,111/08/26,天宇,8171,上櫃增資,111/08/22,111/08/24,"680,000","680,000",30,30,111/09/05,福邦,"1,000","20,400,000","117,298",0.57,
639,111/08/26,天二科技,6834,初上市,111/08/22,111/08/24,"1,519,000","1,519,000",26.95,26.95,111/09/01,台新,"1,000","40,937,050","96,569",1.57,
640,111/08/25,汎銓,6830,初上市,111/08/19,111/08/23,"1,135,000","1,135,000",100,100,111/08/31,台新,"1,000","113,500,000","178,544",0.63,
641,111/08/25,上銀,2049,上市增資,111/08/19,111/08/23,"1,105,000","1,105,000",160,160,111/09/02,永豐金,"1,000","176,800,000","267,672",0.41,
642,111/08/23,茂迪,6244,上櫃增資,111/08/17,111/08/19,"2,720,000","2,720,000",22.5,22.5,111/08/31,宏遠,"1,000","61,200,000","169,813",1.6,
643,111/08/23,裕融,9941,上市增資,111/08/17,111/08/19,"4,250,000","4,250,000",150,150,111/08/31,凱基,"1,000","637,500,000","183,722",2.31,
644,111/08/19,岳豐,6220,上櫃增資,111/08/15,111/08/17,"638,000","638,000",20,20,111/08/29,凱基,"1,000","12,760,000","181,273",0.35,
645,111/08/16,怡利電,2497,上市增資,111/08/10,111/08/12,"340,000","340,000",60,60,111/08/24,國票,"1,000","20,400,000","77,132",0.44,
646,111/08/15,普鴻,6590,上櫃增資,111/08/09,111/08/11,"255,000","255,000",50,50,111/08/23,日盛,"1,000","12,750,000","16,919",1.5,
647,111/08/15,中探針,6217,上櫃增資,111/08/09,111/08/11,"1,445,000","1,445,000",39.3,39.3,111/08/23,元富,"1,000","56,788,500","267,663",0.53,
648,111/08/12,久陽,5011,上櫃增資,111/08/08,111/08/10,"850,000","850,000",26,26,111/08/22,兆豐,"1,000","22,100,000","11,662",7.28,
649,111/08/11,連展投控,3710,上櫃增資,111/08/05,111/08/09,"4,250,000","4,250,000",11,11,111/08/19,台中銀,"1,000","46,750,000","78,512",5.41,
650,111/08/10,醣聯,4168,上櫃增資,111/08/04,111/08/08,"383,000","383,000",23,23,111/08/18,台新,"1,000","8,809,000","51,900",0.73,
651,111/08/08,燿華,2367,上市增資,111/08/02,111/08/04,"4,250,000","4,250,000",14,14,111/08/16,臺銀證券,"1,000","59,500,000","79,534",5.34,
652,111/08/08,全達,8068,上櫃增資,111/08/02,111/08/04,"680,000","680,000",22,22,111/08/16,台中銀,"1,000","14,960,000","130,506",0.52,
653,111/08/08,弘憶股,3312,上市增資,111/08/02,111/08/04,"2,128,000","2,128,000",17,17,111/08/16,凱基,"1,000","36,176,000","19,745",10.77,
654,111/08/05,華新,1605,上市增資,111/08/01,111/08/03,"25,500,000","25,500,000",30,30,111/08/15,台新,"1,000","765,000,000","82,655",30.85,
655,111/08/03,宏碁資訊,6811,初上櫃,111/07/28,111/08/01,"950,000","950,000",110,110,111/08/09,台新,"1,000","104,500,000","188,021",0.5,
656,111/07/27,虹堡,5258,上市增資,111/07/21,111/07/25,"850,000","850,000",45,45,111/08/04,台新,"1,000","38,250,000","154,683",0.54,
657,111/07/21,總太,3056,上市增資,111/07/15,111/07/19,"2,635,000","2,635,000",23.5,23.5,111/07/29,合庫,"1,000","61,922,500","46,775",5.63,
658,111/07/18,晶焱,6411,上櫃增資,111/07/12,111/07/14,"425,000","425,000",112,112,111/07/26,康和,"1,000","47,600,000",684,62.13,
659,111/07/18,台新金己特,2887Z1,上市增資,111/07/12,111/07/14,"28,500,000","28,500,000",17.65,17.65,111/07/26,凱基,"3,000","503,025,000","2,819",100,
660,111/07/15,維田,6570,上櫃增資,111/07/11,111/07/13,"255,000","255,000",33,33,111/07/25,中國信託,"1,000","8,415,000","44,583",0.57,
661,111/07/13,南仁湖,5905,上櫃增資,111/07/07,111/07/11,"5,100,000","5,100,000",10.8,10.8,111/07/21,統一,"1,000","55,080,000","12,687",40.19,
662,111/07/08,元晶,6443,上市增資,111/07/04,111/07/06,"2,593,000","2,593,000",26.5,26.5,111/07/18,元大,"1,000","68,714,500","111,769",2.31,
663,111/07/04,耀勝,3207,上櫃增資,111/06/28,111/06/30,"850,000","850,000",22,22,111/07/12,統一,"1,000","18,700,000","94,660",0.89,
664,111/06/28,高端疫苗,6547,上櫃增資,111/06/22,111/06/24,"665,000","665,000",220,220,111/07/06,富邦,"1,000","146,300,000","2,422",27.45,
665,111/06/27,沛波,6248,上櫃增資,111/06/21,111/06/23,"1,275,000","1,275,000",20,20,111/07/05,兆豐,"1,000","25,500,000","1,812",70.36,
666,111/06/24,采鈺,6789,初上市,111/06/20,111/06/22,"3,700,000","3,700,000",290,290,111/06/30,元大,"1,000","1,073,000,000","184,464",2,
667,111/06/24,濾能,6823,初上櫃,111/06/20,111/06/22,"501,000","501,000",98.6,98.6,111/06/30,永豐金,"1,000","49,398,600","54,705",0.91,
668,111/06/22,亞昕,5213,上櫃增資,111/06/16,111/06/20,"4,180,000","4,180,000",23.5,23.5,111/06/30,台中銀,"1,000","98,230,000","1,634",100,
669,111/06/17,安碁資訊,6690,上櫃增資,111/06/13,111/06/15,"425,000","425,000",96,96,111/06/27,台新,"1,000","40,800,000","29,531",1.43,
670,111/06/09,嘉晶,3016,上市增資,111/06/02,111/06/07,"281,000","281,000",82,82,111/06/17,凱基,"1,000","23,042,000","143,741",0.19,
671,111/06/08,達航,4577,初上櫃,111/06/01,111/06/06,"1,487,000","1,487,000",32,32,111/06/14,康和,"1,000","47,584,000","98,626",1.5,
672,111/06/06,漢磊,3707,上櫃增資,111/05/30,111/06/01,"187,000","187,000",95,95,111/06/14,凱基,"1,000","17,765,000","155,830",0.12,
673,111/05/30,北極星藥業-KY,6550,第一上市公司初上市,111/05/24,111/05/26,"3,450,000","3,450,000",82,82,111/06/06,國泰,"1,000","282,900,000","131,289",2.62,
674,111/05/26,晉弘,6796,初上市,111/05/20,111/05/24,"627,000","627,000",46,46,111/06/01,中國信託,"1,000","28,842,000","114,280",0.54,
675,111/05/26,榮星,1617,上市增資,111/05/20,111/05/24,"1,148,000","1,148,000",15,15,111/06/06,台新,"1,000","17,220,000","19,750",5.81,
676,111/05/18,正達,3149,上市增資,111/05/12,111/05/16,"1,445,000","1,445,000",20,20,111/05/26,元富,"1,000","28,900,000","30,224",4.78,
677,111/05/18,正基,6546,初上櫃,111/05/12,111/05/16,"1,119,000","1,119,000",96,96,111/05/24,凱基,"1,000","107,424,000","76,413",1.46,
678,111/05/16,鼎基,6585,初上市,111/05/10,111/05/12,"1,535,000","1,535,000",60.79,60.79,111/05/20,第一金,"1,000","93,312,650","71,769",2.13,
679,111/05/16,鈺鎧,5228,初上櫃,111/05/10,111/05/12,"861,000","861,000",20,20,111/05/20,永豐金,"1,000","17,220,000","68,039",1.26,
680,111/05/10,立凱-KY,5227,第一上櫃公司現金增資,111/05/04,111/05/06,"850,000","850,000",60,60,111/05/18,康和,"1,000","51,000,000","36,884",2.3,
681,111/05/06,來頡,6799,初上市,111/04/29,111/05/04,"1,023,000","1,023,000",139,139,111/05/12,元大,"1,000","142,197,000","71,053",1.43,
682,111/05/05,森崴能源,6806,上市增資,111/04/28,111/05/03,"4,250,000","4,250,000",88,88,111/05/13,福邦,"1,000","374,000,000","177,526",2.39,
683,111/05/03,台灣精銳,4583,初上市,111/04/26,111/04/28,"1,403,000","1,403,000",200,200,111/05/09,兆豐,"1,000","280,600,000","112,235",1.25,
684,111/04/25,信實,6721,初上櫃,111/04/19,111/04/21,"600,000","600,000",58,58,111/04/29,第一金,"1,000","34,800,000","113,267",0.52,
685,111/04/25,美達科技,6735,初上櫃,111/04/19,111/04/21,"848,000","848,000",83,83,111/04/29,群益金鼎,"1,000","70,384,000","128,588",0.65,
686,111/04/19,峰源-KY,6807,第一上市公司初上市,111/04/13,111/04/15,"1,720,000","1,720,000",40,40,111/04/25,永豐金,"1,000","68,800,000","44,981",3.82,
687,111/04/07,晶呈科技,4768,初上櫃,111/03/30,111/04/01,"767,000","767,000",86.8,86.8,111/04/13,國票,"1,000","66,575,600","218,843",0.35,
688,111/04/06,新潤,6186,上櫃增資,111/03/29,111/03/31,"1,145,000","1,145,000",24.5,24.5,111/04/14,合庫,"1,000","28,052,500","67,724",1.69,
689,111/03/31,捷流閥業,4580,上櫃增資,111/03/25,111/03/29,"340,000","340,000",84,84,111/04/12,元大,"1,000","28,560,000","42,912",0.79,
690,111/03/29,慧友,5484,上市增資,111/03/23,111/03/25,"1,139,000","1,139,000",14,14,111/04/08,台新,"1,000","15,946,000","11,172",10.19,
691,111/03/29,醫揚,6569,上櫃增資,111/03/23,111/03/25,"255,000","255,000",88,88,111/04/08,台新,"1,000","22,440,000","102,708",0.24,
692,111/03/29,麗清科技,3346,上市增資,111/03/23,111/03/25,"850,000","850,000",33,33,111/04/08,群益金鼎,"1,000","28,050,000","65,536",1.29,
693,111/03/28,西勝,3625,上櫃增資,111/03/22,111/03/24,"1,360,000","1,360,000",20,20,111/04/07,台中銀,"1,000","27,200,000","35,948",3.78,
694,111/03/25,明係,6804,初上櫃,111/03/21,111/03/23,"561,000","561,000",40,40,111/03/31,兆豐,"1,000","22,440,000","242,239",0.23,
695,111/03/22,浩鼎,4174,上櫃增資,111/03/16,111/03/18,"2,550,000","2,550,000",105,105,111/03/30,元富,"1,000","267,750,000","15,026",16.97,
696,111/03/17,寶德,3349,初上櫃,111/03/11,111/03/15,"1,348,000","1,348,000",18.88,18.88,111/03/23,日盛,"1,000","25,450,240","105,530",1.27,
697,111/03/16,三商壽,2867,上市增資,111/03/10,111/03/14,"38,700,000","38,700,000",8.2,8.2,111/03/24,國泰,"2,000","317,340,000","14,001",100,
698,111/03/11,寶緯,4558,初上櫃,111/03/07,111/03/09,"1,203,000","1,203,000",40,40,111/03/17,日盛,"1,000","48,120,000","231,091",0.52,
699,111/03/09,綠界科技,6763,初上櫃,111/03/03,111/03/07,"663,000","663,000",760,760,111/03/15,元富,"1,000","503,880,000","162,951",0.4,
700,111/03/08,力士,4923,初上櫃,111/03/02,111/03/04,"666,000","666,000",61.88,61.88,111/03/14,宏遠,"1,000","41,212,080","230,829",0.28,
701,111/03/07,昶昕,8438,初上市,111/03/01,111/03/03,"1,715,000","1,715,000",40,40,111/03/11,中國信託,"1,000","68,600,000","261,859",0.65,
702,111/03/07,千附精密,6829,初上櫃,111/03/01,111/03/03,"1,599,000","1,599,000",66,66,111/03/11,元大,"1,000","105,534,000","236,859",0.67,
703,111/03/03,智聯服務,6751,上櫃增資,111/02/24,111/03/01,"627,000","627,000",45,45,111/03/11,福邦,"1,000","28,215,000","22,025",2.84,
704,111/03/03,台揚,2314,上市增資,111/02/24,111/03/01,"850,000","850,000",52,52,111/03/11,台新,"1,000","44,200,000","50,163",1.69,
705,111/02/24,至上甲特,8112A,上市增資,111/02/18,111/02/22,"2,700,000","2,700,000",45,45,111/03/07,永豐金,"1,000","121,500,000","12,990",20.78,
706,111/02/22,嘉基,6715,上市增資,111/02/16,111/02/18,"298,000","298,000",95,95,111/03/03,中國信託,"1,000","28,310,000","178,017",0.16,
707,111/02/22,廣閎科,6693,初上櫃,111/02/16,111/02/18,"964,000","964,000",116,116,111/03/01,兆豐,"1,000","111,824,000","233,858",0.41,
708,111/02/22,建新國際,8367,上市增資,111/02/16,111/02/18,"561,000","561,000",42.5,42.5,111/03/03,凱基,"1,000","23,842,500","152,850",0.36,
709,111/02/21,國碩,2406,上市增資,111/02/15,111/02/17,"5,850,000","5,850,000",25,25,111/03/02,統一,"2,000","146,250,000","6,526",44.82,
710,111/02/11,台生材,6649,上櫃增資,111/02/07,111/02/09,"765,000","765,000",21.2,21.2,111/02/21,華南永昌,"1,000","16,218,000","46,506",1.64,
711,111/01/17,達邦蛋白,6578,上櫃增資,111/01/11,111/01/13,"532,000","532,000",16,16,111/01/25,兆豐,"1,000","8,512,000","45,982",1.15,
712,111/01/13,弘凱,5244,初上市,111/01/07,111/01/11,"1,459,000","1,459,000",41,41,111/01/19,宏遠,"1,000","59,819,000","333,937",0.43,
713,111/01/10,聯發國際,2756,初上櫃,111/01/04,111/01/06,"262,000","262,000",78.8,78.8,111/01/14,凱基,"1,000","20,645,600","478,061",0.05,
714,111/01/07,力智,6719,初上市,111/01/03,111/01/05,"2,220,000","2,220,000",589,589,111/01/13,福邦,"1,000","1,307,580,000","466,082",0.47,
715,111/01/07,建錩,5014,上櫃增資,111/01/03,111/01/05,"1,700,000","1,700,000",19,19,111/01/17,凱基,"1,000","32,300,000","82,944",2.04,
716,111/01/03,瑞鼎,3592,初上市,110/12/27,110/12/29,"1,517,000","1,517,000",308,308,111/01/07,凱基,"1,000","467,236,000","657,083",0.23,
717,110/12/27,樺漢,6414,上市增資,110/12/21,110/12/23,"425,000","425,000",195,195,111/01/05,國票,"1,000","82,875,000","141,717",0.29,
718,110/12/27,洋基工程,6691,初上市,110/12/21,110/12/23,"1,458,000","1,458,000",180,180,111/01/03,富邦,"1,000","262,440,000","352,438",0.41,
719,110/12/27,四維航,5608,上市增資,110/12/21,110/12/23,"4,250,000","4,250,000",32.8,32.8,111/01/05,永豐金,"1,000","139,400,000","485,940",0.87,
720,110/12/24,科嶠,4542,上櫃增資,110/12/20,110/12/22,"360,000","360,000",25.7,25.7,111/01/04,日盛,"1,000","9,252,000","21,385",1.68,
721,110/12/22,穎漢,4562,上市增資,110/12/16,110/12/20,"1,700,000","1,700,000",15,15,110/12/30,台新,"1,000","25,500,000","80,203",2.11,
722,110/12/17,台境,8476,上櫃增資,110/12/13,110/12/15,"850,000","850,000",50,50,110/12/27,台新,"1,000","42,500,000","117,586",0.72,
723,110/12/17,台中銀,2812,上市增資,110/12/13,110/12/15,"17,000,000","17,000,000",11.15,11.15,110/12/27,凱基,"5,000","189,550,000","171,129",1.98,
724,110/12/16,中石化,1314,上市增資,110/12/10,110/12/14,"43,000,000","43,000,000",11.75,11.75,110/12/24,統一,"5,000","505,250,000","101,938",8.43,
725,110/12/16,大魯閣,1432,上市增資,110/12/10,110/12/14,"1,275,000","1,275,000",11,11,110/12/24,元富,"1,000","14,025,000","67,025",1.9,
726,110/12/16,零壹,3029,上市增資,110/12/10,110/12/14,"2,125,000","2,125,000",40,40,110/12/24,凱基,"1,000","85,000,000","67,732",3.13,
727,110/12/16,上品,4770,初上市,110/12/10,110/12/14,"1,970,000","1,970,000",166,166,110/12/22,元大,"1,000","327,020,000","424,412",0.46,
728,110/12/14,順藥,6535,上櫃增資,110/12/08,110/12/10,"935,000","935,000",30,30,110/12/22,元富,"1,000","28,050,000","186,394",0.5,
729,110/12/13,宏致,3605,上市增資,110/12/07,110/12/09,"1,020,000","1,020,000",40,40,110/12/21,元大,"1,000","40,800,000","215,178",0.47,
730,110/12/08,北基,8927,上櫃增資,110/12/02,110/12/06,"3,400,000","3,400,000",25,25,110/12/16,合庫,"1,000","85,000,000","238,679",1.42,
731,110/12/08,華盈,3520,上櫃增資,110/12/02,110/12/06,"1,700,000","1,700,000",12.8,12.8,110/12/16,統一,"1,000","21,760,000","42,188",4.02,
732,110/12/08,雲品,2748,上市增資,110/12/02,110/12/06,"1,275,000","1,275,000",34,34,110/12/16,元大,"1,000","43,350,000","169,775",0.75,
733,110/12/03,生泰,1777,上櫃增資,110/11/29,110/12/01,"850,000","850,000",60,60,110/12/13,元富,"1,000","51,000,000","69,695",1.21,
734,110/12/02,詠業,6792,初上市,110/11/26,110/11/30,"838,000","838,000",98,98,110/12/08,群益金鼎,"1,000","82,124,000","519,188",0.16,
735,110/12/02,漢來美食,1268,上櫃增資,110/11/26,110/11/30,"425,000","425,000",100,100,110/12/10,凱基,"1,000","42,500,000","120,244",0.35,
736,110/11/30,特昇-KY,6616,第一上櫃公司現金增資,110/11/24,110/11/26,"425,000","425,000",16.25,16.25,110/12/08,第一金,"1,000","6,906,250","143,266",0.29,
737,110/11/30,益得,6461,上櫃增資,110/11/24,110/11/26,"1,275,000","1,275,000",20,20,110/12/08,元富,"1,000","25,500,000","30,605",4.16,
738,110/11/30,力積電,6770,初上市,110/11/24,110/11/26,"32,100,000","32,100,000",49.88,49.88,110/12/06,元大,"1,000","1,601,148,000","1,001,022",3.2,
739,110/11/24,三商家購,2945,初上市,110/11/18,110/11/22,"1,450,000","1,450,000",69,69,110/11/30,元大,"1,000","100,050,000","336,808",0.43,
740,110/11/22,三地開發,1438,上市增資,110/11/16,110/11/18,"1,800,000","1,800,000",26,26,110/11/30,土銀,"1,000","46,800,000","216,152",0.83,
741,110/11/19,精聯,3652,上櫃增資,110/11/15,110/11/17,"2,380,000","2,380,000",21,21,110/11/29,凱基,"1,000","49,980,000","111,316",2.13,
742,110/11/19,鈞興-KY,4571,第一上市公司現金增資,110/11/15,110/11/17,"425,000","425,000",77,77,110/11/29,永豐金,"1,000","32,725,000","174,149",0.24,
743,110/11/18,鑫創,3259,上櫃增資,110/11/12,110/11/16,"900,000","900,000",27.2,27.2,110/11/26,元富,"1,000","24,480,000","63,831",1.4,
744,110/11/15,大亞,1609,上市增資,110/11/09,110/11/11,"2,550,000","2,550,000",21,21,110/11/23,凱基,"1,000","53,550,000","264,245",0.96,
745,110/11/11,星寶國際,6130,上櫃增資,110/11/05,110/11/09,"720,000","720,000",19,19,110/11/19,統一,"1,000","13,680,000","239,546",0.3,
746,110/11/10,康普,4739,上市增資,110/11/04,110/11/08,"340,000","340,000",90,90,110/11/18,福邦,"1,000","30,600,000","330,438",0.1,
747,110/11/09,森崴能源,6806,初上市,110/11/03,110/11/05,"4,455,000","4,455,000",104.4,104.4,110/11/15,福邦,"1,000","465,102,000","209,437",2.12,
748,110/11/02,穩得,6761,初上櫃,110/10/27,110/10/29,"368,000","368,000",68,68,110/11/08,永豐金,"1,000","25,024,000","365,414",0.1,
749,110/10/27,聯合再生,3576,上市增資,110/10/21,110/10/25,"10,200,000","10,200,000",16.6,16.6,110/11/04,凱基,"2,000","169,320,000","306,238",1.66,
750,110/10/22,紘康,6457,上櫃增資,110/10/18,110/10/20,"180,000","180,000",125,125,110/11/01,宏遠,"1,000","22,500,000","118,079",0.15,
751,110/10/22,運錩,2069,上市增資,110/10/18,110/10/20,"850,000","850,000",28,28,110/11/01,台新,"1,000","23,800,000","47,566",1.78,
752,110/10/21,富邦金,2881,上市增資,110/10/15,110/10/19,"49,320,000","49,320,000",58.9,58.9,110/10/29,台新,"1,000","2,904,948,000","547,429",9,
753,110/10/21,富邦金丙特,2881C,上市增資,110/10/15,110/10/19,"31,666,000","31,666,000",60,60,110/10/29,台新,"1,000","1,899,960,000","25,580",100,
754,110/10/19,大成鋼,2027,上市增資,110/10/13,110/10/15,"29,750,000","29,750,000",43,43,110/10/27,統一,"2,000","1,279,250,000","40,811",36.44,
755,110/10/19,萬泰科,6190,上櫃增資,110/10/13,110/10/15,"782,000","782,000",20.8,20.8,110/10/27,元富,"1,000","16,265,600","38,540",2.02,
756,110/10/19,宜新實業,4440,初上市,110/10/13,110/10/15,"1,859,000","1,859,000",38,38,110/10/25,福邦,"1,000","70,642,000","159,783",1.16,
757,110/10/19,全訊,5222,初上市,110/10/13,110/10/15,"1,406,000","1,406,000",104.49,104.49,110/10/25,台新,"1,000","146,912,940","171,603",0.81,
758,110/10/19,美律,2439,上市增資,110/10/13,110/10/15,"510,000","510,000",72,72,110/10/27,富邦,"1,000","36,720,000","67,483",0.75,
759,110/10/15,易飛網,2734,上櫃增資,110/10/08,110/10/13,"595,000","595,000",15,15,110/10/25,凱基,"1,000","8,925,000","143,429",0.41,
760,110/10/13,志豐,3206,上櫃增資,110/10/06,110/10/08,"425,000","425,000",21.5,21.5,110/10/21,玉山,"1,000","9,137,500","114,817",0.37,
761,110/10/12,綠河-KY,8444,第一上櫃公司現金增資,110/10/05,110/10/07,"425,000","425,000",78,78,110/10/20,統一,"1,000","33,150,000","20,943",2.02,
762,110/10/12,亞德客-KY,1590,第一上市公司現金增資,110/10/05,110/10/07,"933,000","933,000",718,718,110/10/20,台新,"1,000","669,894,000","24,906",3.74,
763,110/10/08,力致,3483,上櫃增資,110/10/04,110/10/06,"272,000","272,000",54,54,110/10/19,永豐金,"1,000","14,688,000","133,505",0.2,
764,110/10/07,合晶,6182,上櫃增資,110/10/01,110/10/05,"2,550,000","2,550,000",52,52,110/10/18,富邦,"1,000","132,600,000","133,194",1.91,
765,110/10/01,太極,4934,上市增資,110/09/27,110/09/29,"2,165,000","2,165,000",29.1,29.1,110/10/12,富邦,"1,000","63,001,500","185,117",1.16,
766,110/09/30,凱崴,5498,上櫃增資,110/09/24,110/09/28,"1,173,000","1,173,000",14.6,14.6,110/10/08,宏遠,"1,000","17,125,800","30,982",3.78,
767,110/09/30,振宇五金,2947,初上櫃,110/09/24,110/09/28,"480,000","480,000",80,80,110/10/06,元大,"1,000","38,400,000","211,029",0.22,
768,110/09/30,基士德-KY,6641,第一上市公司現金增資,110/09/24,110/09/28,"255,000","255,000",50,50,110/10/08,永豐金,"1,000","12,750,000","81,630",0.31,
769,110/09/27,今國光,6209,上市增資,110/09/17,110/09/23,"935,000","935,000",24,24,110/10/05,國票,"1,000","22,440,000","65,042",1.43,
770,110/09/27,韋僑,6417,上櫃增資,110/09/17,110/09/23,"600,000","600,000",60,60,110/10/05,元大,"1,000","36,000,000","24,239",2.47,
771,110/09/24,泰福-KY,6541,第一上市公司現金增資,110/09/16,110/09/22,"3,600,000","3,600,000",42,42,110/10/04,元大,"1,000","151,200,000","19,611",18.35,
772,110/09/23,精確,3162,上櫃增資,110/09/15,110/09/17,"2,805,000","2,805,000",40,40,110/10/01,中國信託,"1,000","112,200,000","122,490",2.28,
773,110/09/23,華景電,6788,初上櫃,110/09/15,110/09/17,"584,000","584,000",125,125,110/09/29,富邦,"1,000","73,000,000","210,158",0.27,
774,110/09/23,永豐實,6790,初上市,110/09/15,110/09/17,"4,600,000","4,600,000",52,52,110/09/29,元大,"1,000","239,200,000","169,455",2.71,
775,110/09/22,富致,6642,上櫃增資,110/09/14,110/09/16,"510,000","510,000",62,62,110/09/30,台新,"1,000","31,620,000","164,682",0.3,
776,110/09/22,三顧,3224,上櫃增資,110/09/14,110/09/16,"850,000","850,000",39.5,39.5,110/09/30,國泰,"1,000","33,575,000","10,387",8.18,
777,110/09/17,士開,5324,上櫃增資,110/09/13,110/09/15,"8,100,000","8,100,000",9.5,9.5,110/09/29,元富,"5,000","76,950,000","6,604",24.53,
778,110/09/17,寶齡富錦,1760,上市增資,110/09/13,110/09/15,"766,000","766,000",70,70,110/09/29,凱基,"1,000","53,620,000","68,817",1.11,
779,110/09/15,海悅甲特,2348A,上市增資,110/09/09,110/09/13,"2,550,000","2,550,000",40,40,110/09/27,兆豐,"1,000","102,000,000","10,915",23.36,
780,110/09/15,泰谷,3339,上櫃增資,110/09/09,110/09/13,"645,000","645,000",15,15,110/09/27,富邦,"1,000","9,675,000","79,822",0.8,
781,110/09/14,亞通,6179,上櫃增資,110/09/08,110/09/10,"1,190,000","1,190,000",28.5,28.5,110/09/24,兆豐,"1,000","33,915,000","15,487",7.68,
782,110/09/14,嘉澤,3533,上市增資,110/09/08,110/09/10,"213,000","213,000",432,432,110/09/24,元大,"1,000","92,016,000","124,605",0.17,
783,110/09/13,台驊投控,2636,上市增資,110/09/07,110/09/09,"850,000","850,000",140,140,110/09/23,凱基,"1,000","119,000,000","77,568",1.09,
784,110/09/10,宏遠,1460,上市增資,110/09/06,110/09/08,"25,500,000","25,500,000",10,10,110/09/22,凱基,"3,000","255,000,000","67,633",12.56,
785,110/09/06,鑫聯大投控,3709,上櫃增資,110/08/31,110/09/02,"1,785,000","1,785,000",21,21,110/09/14,元大,"1,000","37,485,000","151,514",1.17,
786,110/09/03,八方雲集,2753,初上市,110/08/30,110/09/01,"1,320,000","1,320,000",155,155,110/09/09,國泰,"1,000","204,600,000","287,119",0.45,
787,110/09/01,桓鼎-KY,5543,第一上櫃公司現金增資,110/08/26,110/08/30,"128,000","128,000",58,58,110/09/09,國票,"1,000","7,424,000","20,285",0.63,
788,110/08/30,富林-KY,1341,第一上市公司現金增資,110/08/24,110/08/26,"95,000","95,000",60,60,110/09/07,中國信託,"1,000","5,700,000","61,969",0.15,
789,110/08/30,聯茂,6213,上市增資,110/08/24,110/08/26,"4,250,000","4,250,000",130,130,110/09/07,福邦,"1,000","552,500,000","4,315",98.49,
790,110/08/30,高技,5439,上櫃增資,110/08/24,110/08/26,"595,000","595,000",55,55,110/09/07,凱基,"1,000","32,725,000","102,275",0.58,
791,110/08/27,樂士,1529,上市增資,110/08/23,110/08/25,"3,400,000","3,400,000",12.6,12.6,110/09/06,統一,"2,000","42,840,000","156,374",1.08,
792,110/08/27,展匯科,6594,上櫃增資,110/08/23,110/08/25,"638,000","638,000",32.8,32.8,110/09/06,福邦,"1,000","20,926,400","112,226",0.56,
793,110/08/25,大綜,3147,上櫃增資,110/08/19,110/08/23,"425,000","425,000",47,47,110/09/02,國票,"1,000","19,975,000","62,056",0.68,
794,110/08/24,映興,3597,上櫃增資,110/08/18,110/08/20,"340,000","340,000",22,22,110/09/01,德信,"1,000","7,480,000","90,174",0.37,
795,110/08/23,易通展,6241,上櫃增資,110/08/17,110/08/19,"850,000","850,000",16,16,110/08/31,兆豐,"1,000","13,600,000","42,323",2,
796,110/08/23,沛波,6248,上櫃增資,110/08/17,110/08/19,"1,275,000","1,275,000",19,19,110/08/31,國票,"1,000","24,225,000","34,870",3.65,
797,110/08/20,中揚光,6668,上市增資,110/08/16,110/08/18,"850,000","850,000",50,50,110/08/30,元大,"1,000","42,500,000","46,202",1.83,
798,110/08/19,橋椿,2062,上市增資,110/08/13,110/08/17,"3,160,000","3,160,000",25.5,25.5,110/08/27,元大,"1,000","80,580,000","78,055",4.04,
799,110/08/17,東明-KY,5538,第一上市公司現金增資,110/08/11,110/08/13,"2,550,000","2,550,000",36,36,110/08/25,凱基,"1,000","91,800,000","135,470",1.88,
800,110/08/17,新光金,2888,上市增資,110/08/11,110/08/13,"85,000,000","85,000,000",8.2,8.2,110/08/25,永豐金,"5,000","697,000,000","201,145",8.45,
801,110/08/16,一詮,2486,上市增資,110/08/10,110/08/12,"1,700,000","1,700,000",43,43,110/08/24,福邦,"1,000","73,100,000","200,368",0.84,
802,110/08/16,嘉威,3557,上市增資,110/08/10,110/08/12,"680,000","680,000",76,76,110/08/24,台新,"1,000","51,680,000","85,586",0.79,
803,110/08/13,錦明,3230,上櫃增資,110/08/09,110/08/11,"1,020,000","1,020,000",15,15,110/08/23,元富,"2,000","15,300,000","57,605",0.88,
804,110/08/12,漢磊,3707,上櫃增資,110/08/06,110/08/10,"510,000","510,000",63.9,63.9,110/08/20,凱基,"1,000","32,589,000","349,716",0.14,
805,110/08/05,安格,6684,初上櫃,110/07/30,110/08/03,"696,000","696,000",88,88,110/08/11,福邦,"1,000","61,248,000","338,165",0.2,
806,110/08/03,瑞基,4171,上櫃增資,110/07/28,110/07/30,"621,000","621,000",120,120,110/08/11,富邦,"1,000","74,520,000","10,950",5.67,
807,110/08/02,天鈺,4961,上市增資,110/07/27,110/07/29,"1,700,000","1,700,000",255,255,110/08/10,福邦,"1,000","433,500,000","93,908",1.81,
808,110/08/02,堤維西甲特,1522A,上市增資,110/07/27,110/07/29,"2,550,000","2,550,000",50,50,110/08/10,台新,"1,000","127,500,000","13,944",18.28,
809,110/07/28,博大,8109,上櫃增資,110/07/22,110/07/26,"425,000","425,000",58,58,110/08/05,凱基,"1,000","24,650,000","181,147",0.23,
810,110/07/27,正德,2641,上櫃增資,110/07/21,110/07/23,"3,062,000","3,062,000",28,28,110/08/04,大展,"1,000","85,736,000","66,473",4.6,
811,110/07/23,凌陽創新,5236,初上櫃,110/07/19,110/07/21,"1,593,000","1,593,000",160,160,110/07/29,福邦,"1,000","254,880,000","232,462",0.68,
812,110/07/22,三商壽,2867,上市增資,110/07/16,110/07/20,"11,700,000","11,700,000",8.3,8.3,110/07/30,國泰,"1,000","97,110,000","122,029",9.58,
813,110/07/21,常珵,8097,上櫃增資,110/07/15,110/07/19,"680,000","680,000",17,17,110/07/29,富邦,"1,000","11,560,000","227,719",0.29,
814,110/07/20,商之器,8409,上櫃增資,110/07/14,110/07/16,"340,000","340,000",14.5,14.5,110/07/28,華南永昌,"1,000","4,930,000","165,523",0.2,
815,110/07/14,佳凌,4976,上市增資,110/07/08,110/07/12,"1,700,000","1,700,000",61,61,110/07/22,福邦,"1,000","103,700,000","318,468",0.53,
816,110/07/08,鈦昇,8027,上櫃增資,110/07/02,110/07/06,"850,000","850,000",66,66,110/07/16,合庫,"1,000","56,100,000","26,518",3.2,
817,110/06/30,雷虎,8033,上市增資,110/06/24,110/06/28,"1,700,000","1,700,000",12.2,12.2,110/07/08,福邦,"1,000","20,740,000","121,580",1.39,
818,110/06/16,福邦證,6026,上櫃增資,110/06/09,110/06/11,"3,500,000","3,500,000",13.5,13.5,110/06/24,台中銀,"1,000","47,250,000","107,280",3.26,
819,110/06/01,宏大,8932,上櫃增資,110/05/26,110/05/28,"1,012,000","1,012,000",18,18,110/06/09,統一,"1,000","18,216,000","11,806",8.57,
820,110/05/25,第一化成-KY,2250,第一上市公司初上市,110/05/19,110/05/21,"1,150,000","1,150,000",76,76,110/05/31,康和,"1,000","87,400,000","85,641",1.34,
821,110/05/19,91APP*-KY,6741,第一上櫃公司初上櫃,110/05/13,110/05/17,"2,911,000","2,911,000",66,66,110/05/25,元大,"1,000","192,126,000","72,272",4.02,
822,110/05/17,廷鑫,2358,上市增資,110/05/11,110/05/13,"2,550,000","2,550,000",13.5,13.5,110/05/25,國票,"1,000","34,425,000","66,771",3.81,
823,110/05/12,天宇,8171,上櫃增資,110/05/06,110/05/10,"680,000","680,000",45,45,110/05/20,富邦,"1,000","30,600,000","218,996",0.31,
824,110/05/11,晟楠,3631,上櫃增資,110/05/05,110/05/07,"171,000","171,000",50,50,110/05/19,國票,"1,000","8,550,000","22,851",0.74,
825,110/05/10,至上,8112,上市增資,110/05/04,110/05/06,"4,250,000","4,250,000",32,32,110/05/18,元大,"1,000","136,000,000","250,587",1.69,
826,110/05/06,台康生技,6589,上櫃增資,110/04/29,110/05/04,"2,975,000","2,975,000",91.5,91.5,110/05/14,元大,"1,000","272,212,500","345,908",0.86,
827,110/05/05,業旺,1475,上市增資,110/04/28,110/05/03,"850,000","850,000",26.8,26.8,110/05/13,福邦,"1,000","22,780,000","371,650",0.22,
828,110/04/21,臺慶科,3357,初上櫃,110/04/15,110/04/19,"2,420,000","2,420,000",118.78,118.78,110/04/27,第一金,"1,000","287,447,600","408,632",0.59,
829,110/04/21,愛地雅,8933,上櫃增資,110/04/15,110/04/19,"4,250,000","4,250,000",10.2,10.2,110/04/29,台新,"1,000","43,350,000","330,847",1.28,
830,110/04/16,志強-KY　,6768,第一上市公司初上市,110/04/12,110/04/14,"5,293,000","5,293,000",49,49,110/04/22,元大,"1,000","259,357,000","187,815",2.81,
831,110/04/06,長榮鋼,2211,初上市,110/03/29,110/03/31,"4,000,000","4,000,000",41,41,110/04/12,凱基,"1,000","164,000,000","437,858",0.91,
832,110/03/25,展碁國際,6776,初上市,110/03/19,110/03/23,"1,431,000","1,431,000",25,25,110/03/31,永豐金,"1,000","35,775,000","406,283",0.35,
833,110/03/23,台船,2208,上市增資,110/03/17,110/03/19,"38,264,000","38,264,000",17.5,17.5,110/03/31,凱基,"2,000","669,620,000","330,880",5.78,
834,110/03/22,科嘉-KY,5215,第一上市公司現金增資,110/03/16,110/03/18,"425,000","425,000",105,105,110/03/30,凱基,"1,000","44,625,000","218,283",0.19,
835,110/03/16,聚陽,1477,上市增資,110/03/10,110/03/12,"1,870,000","1,870,000",136,136,110/03/24,凱基,"1,000","254,320,000","376,054",0.49,
836,110/03/16,AES-KY,6781,第一上市公司初上市,110/03/10,110/03/12,"3,683,000","3,683,000",168,168,110/03/22,凱基,"1,000","618,744,000","175,522",2.09,
837,110/03/15,麗清,3346,上市增資,110/03/09,110/03/11,"595,000","595,000",39,39,110/03/23,群益金鼎,"1,000","23,205,000","173,891",0.34,
838,110/03/09,凱鈺,5468,上櫃增資,110/03/03,110/03/05,"680,000","680,000",10,10,110/03/17,台新,"1,000","6,800,000","286,608",0.23,
839,110/03/08,永昕,4726,上櫃增資,110/03/02,110/03/04,"2,125,000","2,125,000",30.5,30.5,110/03/16,元富,"1,000","64,812,500","118,202",1.79,
840,110/03/02,惠特,6706,上市增資,110/02/23,110/02/25,"425,000","425,000",126,126,110/03/10,凱基,"1,000","53,550,000","182,260",0.23,
841,110/01/28,晶悅,2718,上櫃增資,110/01/22,110/01/26,"2,550,000","2,550,000",17,17,110/02/05,兆豐,"1,000","43,350,000","121,842",2.09,
842,110/01/28,聚鼎,6224,上市增資,110/01/22,110/01/26,"410,000","410,000",68,68,110/02/05,凱基,"1,000","27,880,000","250,195",0.16,
843,110/01/27,和大,1536,上市增資,110/01/21,110/01/25,"2,125,000","2,125,000",90,90,110/02/04,玉山,"1,000","191,250,000","228,827",0.92,
844,110/01/26,懷特,4108,上市增資,110/01/20,110/01/22,"3,088,000","3,088,000",20,20,110/02/03,福邦,"1,000","61,760,000","116,624",2.64,
845,110/01/26,全宇昕,6651,初上櫃,110/01/20,110/01/22,"1,190,000","1,190,000",50.6,50.6,110/02/01,玉山,"1,000","60,214,000","217,559",0.54,
846,110/01/25,光洋科,1785,上櫃增資,110/01/19,110/01/21,"7,948,000","7,948,000",36,36,110/02/02,凱基,"1,000","286,128,000","299,901",2.65,
847,110/01/22,博晟生醫,6733,初上櫃,110/01/18,110/01/20,"3,033,000","3,033,000",28,28,110/01/28,元大,"1,000","84,924,000","189,217",1.6,
848,110/01/21,威健生技,6661,初上櫃,110/01/15,110/01/19,"819,000","819,000",26,26,110/01/27,兆豐,"1,000","21,294,000","152,489",0.53,
849,110/01/20,康普,4739,上市增資,110/01/14,110/01/18,"850,000","850,000",50,50,110/01/28,福邦,"1,000","42,500,000","194,276",0.43,
850,110/01/19,家登,3680,上櫃增資,110/01/13,110/01/15,"646,000","646,000",236,236,110/01/27,統一,"1,000","152,456,000","145,101",0.44,
851,110/01/19,台微醫,6767,初上櫃,110/01/13,110/01/15,"808,000","808,000",30,30,110/01/25,凱基,"1,000","24,240,000","168,666",0.47,
852,110/01/15,久陽,5011,上櫃增資,110/01/11,110/01/13,"1,700,000","1,700,000",32.5,32.5,110/01/25,兆豐,"1,000","55,250,000","148,136",1.14,
853,110/01/14,穎崴,6515,初上市,110/01/08,110/01/12,"517,000","517,000",348,348,110/01/20,凱基,"1,000","179,916,000","117,261",0.44,
854,110/01/13,亨泰光,6747,初上櫃,110/01/07,110/01/11,"452,000","452,000",100,100,110/01/19,永豐金,"1,000","45,200,000","208,186",0.21,
855,110/01/11,台驊投控,2636,上市增資,110/01/05,110/01/07,"850,000","850,000",30,30,110/01/19,凱基,"1,000","25,500,000","200,094",0.42,
856,110/01/07,高雄銀甲特,2836A,上市增資,109/12/31,110/01/05,"3,400,000","3,400,000",25,25,110/01/15,台新,"2,000","85,000,000","9,979",17.03,
857,110/01/05,光麗-KY,6431,第一上市公司現金增資,109/12/29,109/12/31,"408,000","408,000",29.8,29.8,110/01/13,台中銀,"1,000","12,158,400","4,992",8.17,
858,110/01/04,長聖,6712,初上櫃,109/12/28,109/12/30,"1,105,000","1,105,000",138,138,110/01/08,元富,"1,000","152,490,000","202,779",0.54,
859,109/12/29,聖暉,5536,上櫃增資,109/12/23,109/12/25,"255,000","255,000",166,166,110/01/07,國票,"1,000","42,330,000","122,249",0.2,
860,109/12/28,光耀,3666,上櫃增資,109/12/22,109/12/24,"850,000","850,000",70,70,110/01/06,宏遠,"1,000","59,500,000","110,598",0.76,
861,109/12/23,永固-KY,5546,第一上市公司現金增資,109/12/17,109/12/21,"281,000","281,000",66,66,109/12/31,中國信託,"1,000","18,546,000","160,202",0.17,
862,109/12/23,允強,2034,上市增資,109/12/17,109/12/21,"2,550,000","2,550,000",20,20,109/12/31,永豐金,"1,000","51,000,000","283,332",0.9,
863,109/12/22,新鼎,5209,上櫃增資,109/12/16,109/12/18,"298,000","298,000",62.46,62.46,109/12/30,富邦,"1,000","18,613,080","49,066",0.6,
864,109/12/22,立隆電,2472,上市增資,109/12/16,109/12/18,"720,000","720,000",46,46,109/12/30,富邦,"1,000","33,120,000","257,060",0.28,
865,109/12/21,上洋,6728,初上櫃,109/12/15,109/12/17,"636,000","636,000",43,43,109/12/25,台新,"1,000","27,348,000","164,321",0.38,
866,109/12/21,智聯服務,6751,初上櫃,109/12/15,109/12/17,"323,000","323,000",60,60,109/12/25,福邦,"1,000","19,380,000","269,621",0.11,
867,109/12/18,西柏,3541,上櫃增資,109/12/14,109/12/16,"425,000","425,000",45,45,109/12/28,日盛,"1,000","19,125,000","117,901",0.36,
868,109/12/18,榮成,1909,上市增資,109/12/14,109/12/16,"5,400,000","5,400,000",14.8,14.8,109/12/28,第一金,"1,000","79,920,000","290,815",1.85,
869,109/12/18,威鋒電子,6756,初上市,109/12/14,109/12/16,"2,231,000","2,231,000",168,168,109/12/24,凱基,"1,000","374,808,000","343,553",0.64,
870,109/12/17,祺驊,1593,上櫃增資,109/12/11,109/12/15,"170,000","170,000",50,50,109/12/25,玉山,"1,000","8,500,000","111,208",0.15,
871,109/12/17,逸達,6576,上櫃增資,109/12/11,109/12/15,"1,275,000","1,275,000",88,88,109/12/25,元富,"1,000","112,200,000","24,444",5.21,
872,109/12/17,上銀,2049,上市增資,109/12/11,109/12/15,"1,020,000","1,020,000",195,195,109/12/25,元大,"1,000","198,900,000","386,750",0.26,
873,109/12/16,泰福-KY,6541,上市增資,109/12/10,109/12/14,"3,996,000","3,996,000",36,36,109/12/24,凱基,"1,000","143,856,000","61,906",6.45,
874,109/12/16,旭品,3325,上櫃增資,109/12/10,109/12/14,"900,000","900,000",25,25,109/12/24,台新,"1,000","22,500,000","36,372",2.47,
875,109/12/16,同泰,3321,上市增資,109/12/10,109/12/14,"2,550,000","2,550,000",11.5,11.5,109/12/24,富邦,"1,000","29,325,000","161,894",1.57,
876,109/12/14,達亞,6762,初上櫃,109/12/08,109/12/10,"726,000","726,000",267.98,267.98,109/12/18,元富,"1,000","194,553,480","56,384",1.28,
877,109/12/14,台中銀,2812,上市增資,109/12/08,109/12/10,"21,265,000","21,265,000",10.2,10.2,109/12/22,凱基,"5,000","216,903,000","132,649",3.2,
878,109/12/10,揚秦,2755,初上櫃,109/12/04,109/12/08,"425,000","425,000",60,60,109/12/16,台新,"1,000","25,500,000","241,316",0.17,
879,109/12/09,華建,2530,上市增資,109/12/03,109/12/07,"21,260,000","21,260,000",12.56,12.56,109/12/17,凱基,"1,000","267,025,600","126,659",16.78,
880,109/12/08,安普新,6743,初上市,109/12/02,109/12/04,"2,260,000","2,260,000",100,100,109/12/14,中國信託,"1,000","226,000,000","233,085",0.96,
881,109/12/07,新唐,4919,上市增資,109/12/01,109/12/03,"7,200,000","7,200,000",38,38,109/12/15,中國信託,"1,000","273,600,000","265,807",2.7,
882,109/12/07,耀登,3138,初上市,109/12/01,109/12/03,"1,235,000","1,235,000",46,46,109/12/11,國票,"1,000","56,810,000","408,112",0.3,
883,109/12/04,叡揚資訊,6752,初上櫃,109/11/30,109/12/02,"500,000","500,000",56,56,109/12/10,群益金鼎,"1,000","28,000,000","157,662",0.31,
884,109/12/04,優盛,4121,上櫃增資,109/11/30,109/12/02,"510,000","510,000",15.6,15.6,109/12/14,凱基,"1,000","7,956,000","131,313",0.38,
885,109/12/03,泰金-KY,6629,第一上櫃公司現金增資,109/11/27,109/12/01,"170,000","170,000",52,52,109/12/11,中國信託,"1,000","8,840,000","210,863",0.08,
886,109/12/02,三商壽,2867,上市增資,109/11/26,109/11/30,"11,700,000","11,700,000",7.55,7.55,109/12/10,國泰,"1,000","88,335,000","139,510",8.38,
887,109/11/27,元晶,6443,上市增資,109/11/23,109/11/25,"5,678,000","5,678,000",25.8,25.8,109/12/07,元大,"1,000","146,492,400","464,175",1.22,
888,109/11/26,三福化,4755,上市增資,109/11/20,109/11/24,"850,000","850,000",48.7,48.7,109/12/04,第一金,"1,000","41,395,000","324,643",0.26,
889,109/11/25,亞泰金屬,6727,初上櫃,109/11/19,109/11/23,"666,000","666,000",52.8,52.8,109/12/01,華南永昌,"1,000","35,164,800","219,902",0.3,
890,109/11/18,八貫,1342,初上市,109/11/12,109/11/16,"1,358,000","1,358,000",55,55,109/11/24,富邦,"1,000","74,690,000","262,807",0.51,
891,109/11/16,必應,6625,上市增資,109/11/10,109/11/12,"468,000","468,000",30,30,109/11/24,台新,"1,000","14,040,000","83,881",0.55,
892,109/11/16,鈺創,5351,上櫃增資,109/11/10,109/11/12,"4,250,000","4,250,000",14.6,14.6,109/11/24,第一金,"1,000","62,050,000","115,567",3.67,
893,109/11/16,達麗,6177,上市增資,109/11/10,109/11/12,"2,125,000","2,125,000",25,25,109/11/24,合庫,"1,000","53,125,000","129,015",1.64,
894,109/11/16,陞達科技,4945,初上櫃,109/11/10,109/11/12,"681,000","681,000",38,38,109/11/20,國票,"1,000","25,878,000","290,538",0.23,
895,109/11/12,高端疫苗,6547,上櫃增資,109/11/06,109/11/10,"2,040,000","2,040,000",80,80,109/11/20,富邦,"1,000","163,200,000","96,574",2.11,
896,109/11/09,台通,8011,上市增資,109/11/03,109/11/05,"1,700,000","1,700,000",14.2,14.2,109/11/17,元富,"1,000","24,140,000","50,952",3.33,
897,109/11/04,新洲,3171,上櫃增資,109/10/29,109/11/02,"638,000","638,000",20,20,109/11/12,永豐金,"1,000","12,760,000","76,424",0.83,
898,109/10/27,元大期,6023,上櫃增資,109/10/21,109/10/23,"3,400,000","3,400,000",45.5,45.5,109/11/04,兆豐,"1,000","154,700,000","182,448",1.86,
899,109/10/26,信紘科,6667,上櫃增資,109/10/20,109/10/22,"357,000","357,000",47,47,109/11/03,台新,"1,000","16,779,000","147,766",0.24,
900,109/10/26,意德士,7556,初上櫃,109/10/20,109/10/22,"527,000","527,000",88,88,109/10/30,永豐金,"1,000","46,376,000","333,183",0.15,
901,109/10/22,大成鋼,2027,上市增資,109/10/16,109/10/20,"34,000,000","34,000,000",18,18,109/10/30,統一,"2,000","612,000,000","215,621",7.88,
902,109/10/16,王道銀行,2897,上市增資,109/10/12,109/10/14,"30,400,000","30,400,000",6.35,6.35,109/10/26,元大,"5,000","193,040,000","41,986",14.48,
903,109/10/14,軒郁,6703,初上櫃,109/10/07,109/10/12,"757,000","757,000",96.9,96.9,109/10/20,富邦,"1,000","73,353,300","323,160",0.23,
904,109/10/12,永冠-KY,1589,第一上市公司現金增資,109/10/05,109/10/07,"438,000","438,000",80,80,109/10/20,中國信託,"1,000","35,040,000","143,539",0.3,
905,109/10/12,文曄甲特,3036A,上市增資,109/10/05,109/10/07,"12,150,000","12,150,000",50,50,109/10/20,元大,"1,000","607,500,000","15,334",79.23,
906,109/10/07,晶焱,6411,上櫃增資,109/09/29,109/10/05,"880,000","880,000",72,72,109/10/16,第一金,"1,000","63,360,000","86,689",1.01,
907,109/10/05,汎德永業,2247,初上市,109/09/25,109/09/29,"1,914,000","1,914,000",180,180,109/10/12,群益金鼎,"1,000","344,520,000","731,666",0.26,
908,109/09/30,動力-KY,6591,第一上市公司現金增資,109/09/24,109/09/28,"170,000","170,000",47,47,109/10/13,康和,"1,000","7,990,000","95,522",0.17,
909,109/09/28,鈺齊-KY,9802,第一上市公司現金增資,109/09/22,109/09/24,"850,000","850,000",75,75,109/10/08,國票,"1,000","63,750,000","321,256",0.26,
910,109/09/17,康全電訊,8089,初上櫃,109/09/11,109/09/15,"1,750,000","1,750,000",45.24,45.24,109/09/23,統一,"1,000","79,170,000","606,572",0.28,
911,109/09/11,亞洲藏壽司,2754,初上櫃,109/09/07,109/09/09,"1,579,000","1,579,000",55,55,109/09/17,元大,"1,000","86,845,000","511,179",0.3,
912,109/09/09,生華科,6492,上櫃增資,109/09/03,109/09/07,"1,275,000","1,275,000",120,120,109/09/17,元大,"1,000","153,000,000","382,686",0.33,
913,109/09/02,中租-KY 甲特,5871A,第一上市公司現金增資,109/08/27,109/08/31,"12,750,000","12,750,000",100,100,109/09/10,凱基,"1,000","1,275,000,000","36,668",34.77,
914,109/08/28,寬宏藝術,6596,上櫃增資,109/08/24,109/08/26,"185,000","185,000",45,45,109/09/07,福邦,"1,000","8,325,000","28,854",0.64,
915,109/08/27,新光金乙特,2888B,上市增資,109/08/21,109/08/25,"18,870,000","18,870,000",45,45,109/09/04,永豐金,"1,000","849,150,000","25,384",74.33,
916,109/08/25,新日興,3376,上市增資,109/08/19,109/08/21,"850,000","850,000",110,110,109/09/02,凱基,"1,000","93,500,000","189,906",0.44,
917,109/08/20,優群,3217,上櫃增資,109/08/14,109/08/18,"680,000","680,000",92,92,109/08/28,台新,"1,000","62,560,000","174,657",0.38,
918,109/08/20,艾姆勒,2241,初上市,109/08/14,109/08/18,"2,125,000","2,125,000",50,50,109/08/26,元大,"1,000","106,250,000","174,291",1.21,
919,109/08/20,新潤,6186,上櫃增資,109/08/14,109/08/18,"2,550,000","2,550,000",24.5,24.5,109/08/28,合庫,"1,000","62,475,000","70,778",3.6,
920,109/08/19,匯僑設計,6754,初上市,109/08/13,109/08/17,"1,020,000","1,020,000",45,45,109/08/25,凱基,"1,000","45,900,000","217,348",0.46,
921,109/08/04,藥華藥,6446,上櫃增資,109/07/29,109/07/31,"1,870,000","1,870,000",102,102,109/08/12,元富,"1,000","190,740,000","91,403",2.04,
922,109/08/03,訊映,4155,上市增資,109/07/28,109/07/30,"1,318,000","1,318,000",26,26,109/08/11,統一,"1,000","34,268,000","26,083",5.05,
923,109/07/30,立凱-KY,5227,第一上櫃公司現金增資,109/07/24,109/07/28,"2,550,000","2,550,000",11.6,11.6,109/08/07,第一金,"1,000","29,580,000","122,587",2.08,
924,109/07/28,上揚,6222,上櫃增資,109/07/22,109/07/24,"510,000","510,000",10,10,109/08/05,台中銀,"1,000","5,100,000","177,114",0.28,
925,109/07/13,虹揚-KY,6573,第一上市公司現金增資,109/07/07,109/07/09,"1,165,000","1,165,000",16.5,16.5,109/07/21,富邦,"1,000","19,222,500","88,262",1.31,
926,109/07/06,皇龍,3512,上櫃增資,109/06/30,109/07/02,"1,170,000","1,170,000",24,24,109/07/14,台新,"1,000","28,080,000","186,470",0.62,
927,109/06/23,台微體,4152,上櫃增資,109/06/17,109/06/19,"945,000","945,000",68,68,109/07/03,永豐金,"1,000","64,260,000","182,978",0.51,
928,109/06/23,東典,6588,初上櫃,109/06/17,109/06/19,"782,000","782,000",68,68,109/07/01,元富,"1,000","53,176,000","405,958",0.19,
929,109/06/22,國碩,2406,上市增資,109/06/16,109/06/18,"7,010,000","7,010,000",8.5,8.5,109/07/02,台新,"5,000","59,585,000","27,436",5.11,
930,109/06/15,定穎,6251,上市增資,109/06/09,109/06/11,"2,550,000","2,550,000",16,16,109/06/23,富邦,"1,000","40,800,000","85,256",2.99,
931,109/06/05,科嘉-KY,5215,第一上市公司現金增資,109/06/01,109/06/03,"425,000","425,000",50,50,109/06/15,福邦,"1,000","21,250,000","465,217",0.09,
932,109/06/03,ABC-KY,6598,第一上市公司初上市,109/05/28,109/06/01,"1,729,000","1,729,000",48,48,109/06/09,永豐金,"1,000","82,992,000","499,759",0.34,
933,109/06/02,昇佳電子,6732,初上櫃,109/05/27,109/05/29,"736,000","736,000",498,498,109/06/08,兆豐,"1,000","366,528,000","321,023",0.22,
934,109/05/19,瀚宇博,5469,上市增資,109/05/13,109/05/15,"3,145,000","3,145,000",36,36,109/05/27,宏遠,"1,000","113,220,000","56,294",5.58,
935,109/05/14,永固-KY,5546,第一上市公司初上市,109/05/08,109/05/12,"2,724,000","2,724,000",58.5,58.5,109/05/20,康和,"1,000","159,354,000","85,689",3.17,
936,109/05/12,三竹,8284,初上櫃,109/05/06,109/05/08,"1,227,000","1,227,000",45,45,109/05/18,兆豐,"1,000","55,215,000","275,300",0.44,
937,109/05/11,牧德,3563,上市增資,109/05/05,109/05/07,"181,000","181,000",250,250,109/05/19,元富,"1,000","45,250,000","143,169",0.12,
938,109/05/08,新光金,2888,上市增資,109/05/04,109/05/06,"35,700,000","35,700,000",7.8,7.8,109/05/18,永豐金,"5,000","278,460,000","112,614",6.34,
939,109/05/07,日揚,6208,上櫃增資,109/04/30,109/05/05,"425,000","425,000",20,20,109/05/15,凱基,"1,000","8,500,000","96,347",0.44,
940,109/05/07,台康生技,6589,上櫃增資,109/04/30,109/05/05,"3,150,000","3,150,000",29,29,109/05/15,元大,"1,000","91,350,000","328,052",0.96,
941,109/05/05,久裕,4173,上櫃增資,109/04/28,109/04/30,"2,550,000","2,550,000",15,15,109/05/13,合庫,"1,000","38,250,000","132,582",1.92,
942,109/04/21,正道,1506,上市增資,109/04/15,109/04/17,"3,600,000","3,600,000",10,10,109/04/29,統一,"1,000","36,000,000","8,028",44.84,
943,109/04/09,州巧,3543,初上市,109/04/01,109/04/07,"1,800,000","1,800,000",15,15,109/04/15,福邦,"1,000","27,000,000","58,177",3.09,
944,109/03/26,聯茂,6213,上市增資,109/03/20,109/03/24,"2,550,000","2,550,000",110,110,109/04/07,元大,"1,000","280,500,000","27,219",9.36,
945,109/03/24,台耀,4746,上市增資,109/03/18,109/03/20,"793,000","793,000",37,37,109/04/01,凱基,"1,000","29,341,000","7,332",10.81,
946,109/03/23,百德,4563,上櫃增資,109/03/17,109/03/19,"850,000","850,000",40,40,109/03/31,台新,"1,000","34,000,000",312,100,
947,109/03/23,應廣,6716,初上櫃,109/03/17,109/03/19,"422,000","422,000",42,42,109/03/27,兆豐,"1,000","17,724,000","12,660",3.33,
948,109/03/23,群益期,6024,上市增資,109/03/17,109/03/19,"2,890,000","2,890,000",34.4,34.4,109/03/31,華南永昌,"1,000","99,416,000",737,100,
949,109/03/20,元大期,6023,上櫃增資,109/03/16,109/03/18,"1,505,000","1,505,000",48,48,109/03/30,合庫,"1,000","72,240,000","1,681",89.53,
950,109/03/19,佳和,1449,上市增資,109/03/13,109/03/17,"2,550,000","2,550,000",10,10,109/03/27,台中銀,"1,000","25,500,000","2,196",100,
951,109/03/09,宏捷科,8086,上櫃增資,109/03/03,109/03/05,"850,000","850,000",75,75,109/03/17,富邦,"1,000","63,750,000","199,580",0.42,
952,109/03/03,山富,2743,初上櫃,109/02/25,109/02/27,"886,000","886,000",12.5,12.5,109/03/09,福邦,"1,000","11,075,000","81,285",1.08,
953,109/03/03,映興電子,3597,初上櫃,109/02/25,109/02/27,"1,054,000","1,054,000",15.49,15.49,109/03/09,華南永昌,"1,000","16,326,460","85,062",1.23,
954,109/03/03,光隆精密-KY,4581,第一上市公司初上市,109/02/25,109/02/27,"778,000","778,000",35,35,109/03/09,日盛,"1,000","27,230,000","60,277",1.29,
955,109/02/25,力致,3483,上櫃增資,109/02/19,109/02/21,"340,000","340,000",40,40,109/03/05,永豐金,"1,000","13,600,000","149,828",0.22,
956,109/02/14,恒耀甲特,8349A,上櫃增資,109/02/10,109/02/12,"850,000","850,000",50,50,109/02/24,凱基,"1,000","42,500,000","11,731",7.24,
957,109/02/11,保瑞,6472,上櫃增資,109/02/05,109/02/07,"187,000","187,000",120,120,109/02/19,台新,"1,000","22,440,000","109,297",0.17,
958,109/02/06,士開,5324,上櫃增資,109/01/31,109/02/04,"2,550,000","2,550,000",9.5,9.5,109/02/14,元富,"3,000","24,225,000",952,89.28,
959,109/02/05,迅得,6438,上櫃增資,109/01/30,109/02/03,"213,000","213,000",68,68,109/02/13,台新,"1,000","14,484,000","10,589",2.01,
960,109/01/16,高端疫苗,6547,上櫃增資,109/01/10,109/01/14,"2,690,000","2,690,000",26,26,109/02/04,永豐金,"1,000","69,940,000","91,889",2.92,
961,109/01/10,尚凡,5278,上櫃增資,109/01/06,109/01/08,"77,000","77,000",106,106,109/01/20,台新,"1,000","8,162,000","113,925",0.06,
962,109/01/10,佳醫,4104,上市增資,109/01/06,109/01/08,"1,105,000","1,105,000",45,45,109/01/20,合庫,"1,000","49,725,000","174,376",0.63,
963,109/01/08,捷迅,2643,上櫃增資,109/01/02,109/01/06,"321,000","321,000",35,35,109/01/16,群益金鼎,"1,000","11,235,000","93,354",0.34,
964,109/01/08,岱宇,1598,上市增資,109/01/02,109/01/06,"1,650,000","1,650,000",39,39,109/01/16,凱基,"1,000","64,350,000","31,938",5.16,
965,109/01/08,醣聯,4168,上櫃增資,109/01/02,109/01/06,"425,000","425,000",20,20,109/01/16,台新,"1,000","8,500,000","5,503",7.72,
